web-scraper-order,web-scraper-start-url,link,link-href,name,rating,evals,
1616368315-79,https://www.ubereats.com/search?ps=1&q=Pizza&pl=JTdCJTIyYWRkcmVzcyUyMiUzQSUyMk1pbGVuaW8lMjBJSUklMjBRdWVyZXRhcm8lMjIlMkMlMjJyZWZlcmVuY2UlMjIlM0ElMjJlMjdhYTBiMS03MGRlLTBhYTYtNzFlYy0yMDQ0NGY0OWE4Y2QlMjIlMkMlMjJyZWZlcmVuY2VUeXBlJTIyJTNBJTIydWJlcl9wbGFjZXMlMjIlMkMlMjJsYXRpdHVkZSUyMiUzQTIwLjU5MzExOTMlMkMlMjJsb25naXR1ZGUlMjIlM0EtMTAwLjM0OTM2JTdE,La Gauchita del Sur,https://www.ubereats.com/queretaro/food-delivery/la-gauchita-del-sur/J7an9pDlRg2vQXb9HN5EMg,La Gauchita del Sur,null,null,
1616368372-84,https://www.ubereats.com/search?ps=1&q=Pizza&pl=JTdCJTIyYWRkcmVzcyUyMiUzQSUyMk1pbGVuaW8lMjBJSUklMjBRdWVyZXRhcm8lMjIlMkMlMjJyZWZlcmVuY2UlMjIlM0ElMjJlMjdhYTBiMS03MGRlLTBhYTYtNzFlYy0yMDQ0NGY0OWE4Y2QlMjIlMkMlMjJyZWZlcmVuY2VUeXBlJTIyJTNBJTIydWJlcl9wbGFjZXMlMjIlMkMlMjJsYXRpdHVkZSUyMiUzQTIwLjU5MzExOTMlMkMlMjJsb25naXR1ZGUlMjIlM0EtMTAwLjM0OTM2JTdE,Los Dogos Originales ( Zibatá ),https://www.ubereats.com/queretaro/food-delivery/los-dogos-originales-zibata/czHFFxMQQi-fmYaVZlX51Q,Los Dogos Originales ( Zibatá ),4.2,-34,
1616368303-78,https://www.ubereats.com/search?ps=1&q=Pizza&pl=JTdCJTIyYWRkcmVzcyUyMiUzQSUyMk1pbGVuaW8lMjBJSUklMjBRdWVyZXRhcm8lMjIlMkMlMjJyZWZlcmVuY2UlMjIlM0ElMjJlMjdhYTBiMS03MGRlLTBhYTYtNzFlYy0yMDQ0NGY0OWE4Y2QlMjIlMkMlMjJyZWZlcmVuY2VUeXBlJTIyJTNBJTIydWJlcl9wbGFjZXMlMjIlMkMlMjJsYXRpdHVkZSUyMiUzQTIwLjU5MzExOTMlMkMlMjJsb25naXR1ZGUlMjIlM0EtMTAwLjM0OTM2JTdE,"""Happy Box"" Cajas de Alitas y Snaks",https://www.ubereats.com/queretaro/food-delivery/%22happy-box%22-cajas-de-alitas-y-snaks/GVJhSziTQL6o-vMpS9fOyg,"""Happy Box"" Cajas de Alitas y Snaks",4.5,-46,
1616368569-101,https://www.ubereats.com/search?ps=1&q=Pizza&pl=JTdCJTIyYWRkcmVzcyUyMiUzQSUyMk1pbGVuaW8lMjBJSUklMjBRdWVyZXRhcm8lMjIlMkMlMjJyZWZlcmVuY2UlMjIlM0ElMjJlMjdhYTBiMS03MGRlLTBhYTYtNzFlYy0yMDQ0NGY0OWE4Y2QlMjIlMkMlMjJyZWZlcmVuY2VUeXBlJTIyJTNBJTIydWJlcl9wbGFjZXMlMjIlMkMlMjJsYXRpdHVkZSUyMiUzQTIwLjU5MzExOTMlMkMlMjJsb25naXR1ZGUlMjIlM0EtMTAwLjM0OTM2JTdE,Nizza Pizza,https://www.ubereats.com/queretaro/food-delivery/nizza-pizza/73RVvhtASrGrsnL7gMfePQ,Nizza Pizza,4.6,-20,
1616368256-74,https://www.ubereats.com/search?ps=1&q=Pizza&pl=JTdCJTIyYWRkcmVzcyUyMiUzQSUyMk1pbGVuaW8lMjBJSUklMjBRdWVyZXRhcm8lMjIlMkMlMjJyZWZlcmVuY2UlMjIlM0ElMjJlMjdhYTBiMS03MGRlLTBhYTYtNzFlYy0yMDQ0NGY0OWE4Y2QlMjIlMkMlMjJyZWZlcmVuY2VUeXBlJTIyJTNBJTIydWJlcl9wbGFjZXMlMjIlMkMlMjJsYXRpdHVkZSUyMiUzQTIwLjU5MzExOTMlMkMlMjJsb25naXR1ZGUlMjIlM0EtMTAwLjM0OTM2JTdE,Ketomorfosis,https://www.ubereats.com/queretaro/food-delivery/ketomorfosis/_IHISxuiTxqUs2vEp3RKaw,Ketomorfosis,4.1,-15,
1616368361-83,https://www.ubereats.com/search?ps=1&q=Pizza&pl=JTdCJTIyYWRkcmVzcyUyMiUzQSUyMk1pbGVuaW8lMjBJSUklMjBRdWVyZXRhcm8lMjIlMkMlMjJyZWZlcmVuY2UlMjIlM0ElMjJlMjdhYTBiMS03MGRlLTBhYTYtNzFlYy0yMDQ0NGY0OWE4Y2QlMjIlMkMlMjJyZWZlcmVuY2VUeXBlJTIyJTNBJTIydWJlcl9wbGFjZXMlMjIlMkMlMjJsYXRpdHVkZSUyMiUzQTIwLjU5MzExOTMlMkMlMjJsb25naXR1ZGUlMjIlM0EtMTAwLjM0OTM2JTdE,Really Big Pizza,https://www.ubereats.com/queretaro/food-delivery/really-big-pizza/h95CDXGwRwWM76o0fttSSw,Really Big Pizza,null,null,
1616367850-42,https://www.ubereats.com/search?ps=1&q=Pizza&pl=JTdCJTIyYWRkcmVzcyUyMiUzQSUyMk1pbGVuaW8lMjBJSUklMjBRdWVyZXRhcm8lMjIlMkMlMjJyZWZlcmVuY2UlMjIlM0ElMjJlMjdhYTBiMS03MGRlLTBhYTYtNzFlYy0yMDQ0NGY0OWE4Y2QlMjIlMkMlMjJyZWZlcmVuY2VUeXBlJTIyJTNBJTIydWJlcl9wbGFjZXMlMjIlMkMlMjJsYXRpdHVkZSUyMiUzQTIwLjU5MzExOTMlMkMlMjJsb25naXR1ZGUlMjIlM0EtMTAwLjM0OTM2JTdE,Avila Tequeños,https://www.ubereats.com/queretaro/food-delivery/avila-tequenos/RdZaAcRvRqKsu0fY4SRW6Q,Avila Tequeños,null,null,
1616368430-89,https://www.ubereats.com/search?ps=1&q=Pizza&pl=JTdCJTIyYWRkcmVzcyUyMiUzQSUyMk1pbGVuaW8lMjBJSUklMjBRdWVyZXRhcm8lMjIlMkMlMjJyZWZlcmVuY2UlMjIlM0ElMjJlMjdhYTBiMS03MGRlLTBhYTYtNzFlYy0yMDQ0NGY0OWE4Y2QlMjIlMkMlMjJyZWZlcmVuY2VUeXBlJTIyJTNBJTIydWJlcl9wbGFjZXMlMjIlMkMlMjJsYXRpdHVkZSUyMiUzQTIwLjU5MzExOTMlMkMlMjJsb25naXR1ZGUlMjIlM0EtMTAwLjM0OTM2JTdE,Manduka Restaurante,https://www.ubereats.com/queretaro/food-delivery/manduka-restaurante/RliM0mXpRp6FeZrRC1W_lw,Manduka Restaurante,4.6,-46,
1616368662-109,https://www.ubereats.com/search?ps=1&q=Pizza&pl=JTdCJTIyYWRkcmVzcyUyMiUzQSUyMk1pbGVuaW8lMjBJSUklMjBRdWVyZXRhcm8lMjIlMkMlMjJyZWZlcmVuY2UlMjIlM0ElMjJlMjdhYTBiMS03MGRlLTBhYTYtNzFlYy0yMDQ0NGY0OWE4Y2QlMjIlMkMlMjJyZWZlcmVuY2VUeXBlJTIyJTNBJTIydWJlcl9wbGFjZXMlMjIlMkMlMjJsYXRpdHVkZSUyMiUzQTIwLjU5MzExOTMlMkMlMjJsb25naXR1ZGUlMjIlM0EtMTAwLjM0OTM2JTdE,Papa John's Pizza Milenio,https://www.ubereats.com/queretaro/food-delivery/papa-johns-pizza-milenio/RIFFXdc1QdGKGbQdjZlPKg,Papa John's Pizza Milenio,4.8,-175,
1616368197-69,https://www.ubereats.com/search?ps=1&q=Pizza&pl=JTdCJTIyYWRkcmVzcyUyMiUzQSUyMk1pbGVuaW8lMjBJSUklMjBRdWVyZXRhcm8lMjIlMkMlMjJyZWZlcmVuY2UlMjIlM0ElMjJlMjdhYTBiMS03MGRlLTBhYTYtNzFlYy0yMDQ0NGY0OWE4Y2QlMjIlMkMlMjJyZWZlcmVuY2VUeXBlJTIyJTNBJTIydWJlcl9wbGFjZXMlMjIlMkMlMjJsYXRpdHVkZSUyMiUzQTIwLjU5MzExOTMlMkMlMjJsb25naXR1ZGUlMjIlM0EtMTAwLjM0OTM2JTdE,Diktatur (Peralta),https://www.ubereats.com/queretaro/food-delivery/diktatur-peralta/464Mm3tLTBO3N2OfFYcVMQ,Diktatur (Peralta),null,null,
1616368150-65,https://www.ubereats.com/search?ps=1&q=Pizza&pl=JTdCJTIyYWRkcmVzcyUyMiUzQSUyMk1pbGVuaW8lMjBJSUklMjBRdWVyZXRhcm8lMjIlMkMlMjJyZWZlcmVuY2UlMjIlM0ElMjJlMjdhYTBiMS03MGRlLTBhYTYtNzFlYy0yMDQ0NGY0OWE4Y2QlMjIlMkMlMjJyZWZlcmVuY2VUeXBlJTIyJTNBJTIydWJlcl9wbGFjZXMlMjIlMkMlMjJsYXRpdHVkZSUyMiUzQTIwLjU5MzExOTMlMkMlMjJsb25naXR1ZGUlMjIlM0EtMTAwLjM0OTM2JTdE,Circle K 🛒 (Que Palmas 2 989),https://www.ubereats.com/queretaro/food-delivery/circle-k-que-palmas-2-989/peORwZizSX-9_oO10OJi9g,Circle K 🛒 (Que Palmas 2 989),4.9,-90,
1616367925-48,https://www.ubereats.com/search?ps=1&q=Pizza&pl=JTdCJTIyYWRkcmVzcyUyMiUzQSUyMk1pbGVuaW8lMjBJSUklMjBRdWVyZXRhcm8lMjIlMkMlMjJyZWZlcmVuY2UlMjIlM0ElMjJlMjdhYTBiMS03MGRlLTBhYTYtNzFlYy0yMDQ0NGY0OWE4Y2QlMjIlMkMlMjJyZWZlcmVuY2VUeXBlJTIyJTNBJTIydWJlcl9wbGFjZXMlMjIlMkMlMjJsYXRpdHVkZSUyMiUzQTIwLjU5MzExOTMlMkMlMjJsb25naXR1ZGUlMjIlM0EtMTAwLjM0OTM2JTdE,Pepe Pastes Plaza Master,https://www.ubereats.com/queretaro/food-delivery/pepe-pastes-plaza-master/abmUtOF-RfayxpJKxJJiOQ,Pepe Pastes Plaza Master,null,null,
1616368072-59,https://www.ubereats.com/search?ps=1&q=Pizza&pl=JTdCJTIyYWRkcmVzcyUyMiUzQSUyMk1pbGVuaW8lMjBJSUklMjBRdWVyZXRhcm8lMjIlMkMlMjJyZWZlcmVuY2UlMjIlM0ElMjJlMjdhYTBiMS03MGRlLTBhYTYtNzFlYy0yMDQ0NGY0OWE4Y2QlMjIlMkMlMjJyZWZlcmVuY2VUeXBlJTIyJTNBJTIydWJlcl9wbGFjZXMlMjIlMkMlMjJsYXRpdHVkZSUyMiUzQTIwLjU5MzExOTMlMkMlMjJsb25naXR1ZGUlMjIlM0EtMTAwLjM0OTM2JTdE,La piccola italia arcos,https://www.ubereats.com/queretaro/food-delivery/la-piccola-italia-arcos/U_Hp7q9ZT3SXdjwOZK8d2Q,La piccola italia arcos,null,null,
1616368395-86,https://www.ubereats.com/search?ps=1&q=Pizza&pl=JTdCJTIyYWRkcmVzcyUyMiUzQSUyMk1pbGVuaW8lMjBJSUklMjBRdWVyZXRhcm8lMjIlMkMlMjJyZWZlcmVuY2UlMjIlM0ElMjJlMjdhYTBiMS03MGRlLTBhYTYtNzFlYy0yMDQ0NGY0OWE4Y2QlMjIlMkMlMjJyZWZlcmVuY2VUeXBlJTIyJTNBJTIydWJlcl9wbGFjZXMlMjIlMkMlMjJsYXRpdHVkZSUyMiUzQTIwLjU5MzExOTMlMkMlMjJsb25naXR1ZGUlMjIlM0EtMTAwLjM0OTM2JTdE,Raffaelos Pizzería,https://www.ubereats.com/queretaro/food-delivery/raffaelos-pizzeria/NQNxnUq3QvqysCmjLnx0LA,Raffaelos Pizzería,null,null,
1616368407-87,https://www.ubereats.com/search?ps=1&q=Pizza&pl=JTdCJTIyYWRkcmVzcyUyMiUzQSUyMk1pbGVuaW8lMjBJSUklMjBRdWVyZXRhcm8lMjIlMkMlMjJyZWZlcmVuY2UlMjIlM0ElMjJlMjdhYTBiMS03MGRlLTBhYTYtNzFlYy0yMDQ0NGY0OWE4Y2QlMjIlMkMlMjJyZWZlcmVuY2VUeXBlJTIyJTNBJTIydWJlcl9wbGFjZXMlMjIlMkMlMjJsYXRpdHVkZSUyMiUzQTIwLjU5MzExOTMlMkMlMjJsb25naXR1ZGUlMjIlM0EtMTAwLjM0OTM2JTdE,Los Dogos Originales ( Mirador  ),https://www.ubereats.com/queretaro/food-delivery/los-dogos-originales-mirador/r_PP9u_7TO6uX2ISbqwFag,Los Dogos Originales ( Mirador  ),4.5,-72,
1616368268-75,https://www.ubereats.com/search?ps=1&q=Pizza&pl=JTdCJTIyYWRkcmVzcyUyMiUzQSUyMk1pbGVuaW8lMjBJSUklMjBRdWVyZXRhcm8lMjIlMkMlMjJyZWZlcmVuY2UlMjIlM0ElMjJlMjdhYTBiMS03MGRlLTBhYTYtNzFlYy0yMDQ0NGY0OWE4Y2QlMjIlMkMlMjJyZWZlcmVuY2VUeXBlJTIyJTNBJTIydWJlcl9wbGFjZXMlMjIlMkMlMjJsYXRpdHVkZSUyMiUzQTIwLjU5MzExOTMlMkMlMjJsb25naXR1ZGUlMjIlM0EtMTAwLjM0OTM2JTdE,Rocketto Quintana,https://www.ubereats.com/queretaro/food-delivery/rocketto-quintana/ZsbasKYGQKeBFV1kp72ztg,Rocketto Quintana,4.6,-85,
1616368604-104,https://www.ubereats.com/search?ps=1&q=Pizza&pl=JTdCJTIyYWRkcmVzcyUyMiUzQSUyMk1pbGVuaW8lMjBJSUklMjBRdWVyZXRhcm8lMjIlMkMlMjJyZWZlcmVuY2UlMjIlM0ElMjJlMjdhYTBiMS03MGRlLTBhYTYtNzFlYy0yMDQ0NGY0OWE4Y2QlMjIlMkMlMjJyZWZlcmVuY2VUeXBlJTIyJTNBJTIydWJlcl9wbGFjZXMlMjIlMkMlMjJsYXRpdHVkZSUyMiUzQTIwLjU5MzExOTMlMkMlMjJsb25naXR1ZGUlMjIlM0EtMTAwLjM0OTM2JTdE,Pizza Industry Gourmet (Mirador),https://www.ubereats.com/queretaro/food-delivery/pizza-industry-gourmet-mirador/SP1dEDiATxy_W40SiJBPyQ,Pizza Industry Gourmet (Mirador),4.7,-38,
1616368209-70,https://www.ubereats.com/search?ps=1&q=Pizza&pl=JTdCJTIyYWRkcmVzcyUyMiUzQSUyMk1pbGVuaW8lMjBJSUklMjBRdWVyZXRhcm8lMjIlMkMlMjJyZWZlcmVuY2UlMjIlM0ElMjJlMjdhYTBiMS03MGRlLTBhYTYtNzFlYy0yMDQ0NGY0OWE4Y2QlMjIlMkMlMjJyZWZlcmVuY2VUeXBlJTIyJTNBJTIydWJlcl9wbGFjZXMlMjIlMkMlMjJsYXRpdHVkZSUyMiUzQTIwLjU5MzExOTMlMkMlMjJsb25naXR1ZGUlMjIlM0EtMTAwLjM0OTM2JTdE,Nuriko Sushi Express Universidad,https://www.ubereats.com/queretaro/food-delivery/nuriko-sushi-express-universidad/izWliwigTCOc3fiEsessfw,Nuriko Sushi Express Universidad,4.5,-93,
1616368292-77,https://www.ubereats.com/search?ps=1&q=Pizza&pl=JTdCJTIyYWRkcmVzcyUyMiUzQSUyMk1pbGVuaW8lMjBJSUklMjBRdWVyZXRhcm8lMjIlMkMlMjJyZWZlcmVuY2UlMjIlM0ElMjJlMjdhYTBiMS03MGRlLTBhYTYtNzFlYy0yMDQ0NGY0OWE4Y2QlMjIlMkMlMjJyZWZlcmVuY2VUeXBlJTIyJTNBJTIydWJlcl9wbGFjZXMlMjIlMkMlMjJsYXRpdHVkZSUyMiUzQTIwLjU5MzExOTMlMkMlMjJsb25naXR1ZGUlMjIlM0EtMTAwLjM0OTM2JTdE,Subway (Cuauhtemoc QRO),https://www.ubereats.com/queretaro/food-delivery/subway-cuauhtemoc-qro/8YQPxUeyRneFGSbZbRkKRw,Subway (Cuauhtemoc QRO),4.7,-90,
1616367785-37,https://www.ubereats.com/search?ps=1&q=Pizza&pl=JTdCJTIyYWRkcmVzcyUyMiUzQSUyMk1pbGVuaW8lMjBJSUklMjBRdWVyZXRhcm8lMjIlMkMlMjJyZWZlcmVuY2UlMjIlM0ElMjJlMjdhYTBiMS03MGRlLTBhYTYtNzFlYy0yMDQ0NGY0OWE4Y2QlMjIlMkMlMjJyZWZlcmVuY2VUeXBlJTIyJTNBJTIydWJlcl9wbGFjZXMlMjIlMkMlMjJsYXRpdHVkZSUyMiUzQTIwLjU5MzExOTMlMkMlMjJsb25naXR1ZGUlMjIlM0EtMTAwLjM0OTM2JTdE,Río Quintana,https://www.ubereats.com/queretaro/food-delivery/rio-quintana/wcXm8gbdS4ORR8V_dbVCDQ,Río Quintana,null,null,
1616367965-51,https://www.ubereats.com/search?ps=1&q=Pizza&pl=JTdCJTIyYWRkcmVzcyUyMiUzQSUyMk1pbGVuaW8lMjBJSUklMjBRdWVyZXRhcm8lMjIlMkMlMjJyZWZlcmVuY2UlMjIlM0ElMjJlMjdhYTBiMS03MGRlLTBhYTYtNzFlYy0yMDQ0NGY0OWE4Y2QlMjIlMkMlMjJyZWZlcmVuY2VUeXBlJTIyJTNBJTIydWJlcl9wbGFjZXMlMjIlMkMlMjJsYXRpdHVkZSUyMiUzQTIwLjU5MzExOTMlMkMlMjJsb25naXR1ZGUlMjIlM0EtMTAwLjM0OTM2JTdE,Tacos Pampas (Constituyentes),https://www.ubereats.com/queretaro/food-delivery/tacos-pampas-constituyentes/dJe98uZ7QcmGoXAHpNwl-w,Tacos Pampas (Constituyentes),null,null,
1616368615-105,https://www.ubereats.com/search?ps=1&q=Pizza&pl=JTdCJTIyYWRkcmVzcyUyMiUzQSUyMk1pbGVuaW8lMjBJSUklMjBRdWVyZXRhcm8lMjIlMkMlMjJyZWZlcmVuY2UlMjIlM0ElMjJlMjdhYTBiMS03MGRlLTBhYTYtNzFlYy0yMDQ0NGY0OWE4Y2QlMjIlMkMlMjJyZWZlcmVuY2VUeXBlJTIyJTNBJTIydWJlcl9wbGFjZXMlMjIlMkMlMjJsYXRpdHVkZSUyMiUzQTIwLjU5MzExOTMlMkMlMjJsb25naXR1ZGUlMjIlM0EtMTAwLjM0OTM2JTdE,Cosi Fan Tutte,https://www.ubereats.com/queretaro/food-delivery/cosi-fan-tutte/-likHZvRRtKPgtmNf-Vnqw,Cosi Fan Tutte,4.6,-147,
1616368593-103,https://www.ubereats.com/search?ps=1&q=Pizza&pl=JTdCJTIyYWRkcmVzcyUyMiUzQSUyMk1pbGVuaW8lMjBJSUklMjBRdWVyZXRhcm8lMjIlMkMlMjJyZWZlcmVuY2UlMjIlM0ElMjJlMjdhYTBiMS03MGRlLTBhYTYtNzFlYy0yMDQ0NGY0OWE4Y2QlMjIlMkMlMjJyZWZlcmVuY2VUeXBlJTIyJTNBJTIydWJlcl9wbGFjZXMlMjIlMkMlMjJsYXRpdHVkZSUyMiUzQTIwLjU5MzExOTMlMkMlMjJsb25naXR1ZGUlMjIlM0EtMTAwLjM0OTM2JTdE,Aldo's Pizza,https://www.ubereats.com/queretaro/food-delivery/aldos-pizza/hJ3YYWuxRA2vxyFVgyc_Xg,Aldo's Pizza,4.2,-32,
1616367991-53,https://www.ubereats.com/search?ps=1&q=Pizza&pl=JTdCJTIyYWRkcmVzcyUyMiUzQSUyMk1pbGVuaW8lMjBJSUklMjBRdWVyZXRhcm8lMjIlMkMlMjJyZWZlcmVuY2UlMjIlM0ElMjJlMjdhYTBiMS03MGRlLTBhYTYtNzFlYy0yMDQ0NGY0OWE4Y2QlMjIlMkMlMjJyZWZlcmVuY2VUeXBlJTIyJTNBJTIydWJlcl9wbGFjZXMlMjIlMkMlMjJsYXRpdHVkZSUyMiUzQTIwLjU5MzExOTMlMkMlMjJsb25naXR1ZGUlMjIlM0EtMTAwLjM0OTM2JTdE,Gab’s,https://www.ubereats.com/queretaro/food-delivery/gabs/FtzVUtUWTqOIR3-OsHX27A,Gab’s,null,null,
1616368418-88,https://www.ubereats.com/search?ps=1&q=Pizza&pl=JTdCJTIyYWRkcmVzcyUyMiUzQSUyMk1pbGVuaW8lMjBJSUklMjBRdWVyZXRhcm8lMjIlMkMlMjJyZWZlcmVuY2UlMjIlM0ElMjJlMjdhYTBiMS03MGRlLTBhYTYtNzFlYy0yMDQ0NGY0OWE4Y2QlMjIlMkMlMjJyZWZlcmVuY2VUeXBlJTIyJTNBJTIydWJlcl9wbGFjZXMlMjIlMkMlMjJsYXRpdHVkZSUyMiUzQTIwLjU5MzExOTMlMkMlMjJsb25naXR1ZGUlMjIlM0EtMTAwLjM0OTM2JTdE,Olive Garden Querétaro,https://www.ubereats.com/queretaro/food-delivery/olive-garden-queretaro/wzdHh3wDSC-zqOv8LqZ2jg,Olive Garden Querétaro,4.5,-175,
1616368110-62,https://www.ubereats.com/search?ps=1&q=Pizza&pl=JTdCJTIyYWRkcmVzcyUyMiUzQSUyMk1pbGVuaW8lMjBJSUklMjBRdWVyZXRhcm8lMjIlMkMlMjJyZWZlcmVuY2UlMjIlM0ElMjJlMjdhYTBiMS03MGRlLTBhYTYtNzFlYy0yMDQ0NGY0OWE4Y2QlMjIlMkMlMjJyZWZlcmVuY2VUeXBlJTIyJTNBJTIydWJlcl9wbGFjZXMlMjIlMkMlMjJsYXRpdHVkZSUyMiUzQTIwLjU5MzExOTMlMkMlMjJsb25naXR1ZGUlMjIlM0EtMTAwLjM0OTM2JTdE,D'Italian Pizza,https://www.ubereats.com/queretaro/food-delivery/ditalian-pizza/LmpRRti3TzuKHzFXlkYP6A,D'Italian Pizza,null,null,
1616368500-95,https://www.ubereats.com/search?ps=1&q=Pizza&pl=JTdCJTIyYWRkcmVzcyUyMiUzQSUyMk1pbGVuaW8lMjBJSUklMjBRdWVyZXRhcm8lMjIlMkMlMjJyZWZlcmVuY2UlMjIlM0ElMjJlMjdhYTBiMS03MGRlLTBhYTYtNzFlYy0yMDQ0NGY0OWE4Y2QlMjIlMkMlMjJyZWZlcmVuY2VUeXBlJTIyJTNBJTIydWJlcl9wbGFjZXMlMjIlMkMlMjJsYXRpdHVkZSUyMiUzQTIwLjU5MzExOTMlMkMlMjJsb25naXR1ZGUlMjIlM0EtMTAwLjM0OTM2JTdE,Ipanema Pizza Buffete,https://www.ubereats.com/queretaro/food-delivery/ipanema-pizza-buffete/SAbD_frYSneB1MxmUn47fg,Ipanema Pizza Buffete,4.4,-42,
1616368627-106,https://www.ubereats.com/search?ps=1&q=Pizza&pl=JTdCJTIyYWRkcmVzcyUyMiUzQSUyMk1pbGVuaW8lMjBJSUklMjBRdWVyZXRhcm8lMjIlMkMlMjJyZWZlcmVuY2UlMjIlM0ElMjJlMjdhYTBiMS03MGRlLTBhYTYtNzFlYy0yMDQ0NGY0OWE4Y2QlMjIlMkMlMjJyZWZlcmVuY2VUeXBlJTIyJTNBJTIydWJlcl9wbGFjZXMlMjIlMkMlMjJsYXRpdHVkZSUyMiUzQTIwLjU5MzExOTMlMkMlMjJsb25naXR1ZGUlMjIlM0EtMTAwLjM0OTM2JTdE,Napoli Pizza,https://www.ubereats.com/queretaro/food-delivery/napoli-pizza/NSJHs8AjRGuIXQWH7ulUgw,Napoli Pizza,4.7,-208,
1616368161-66,https://www.ubereats.com/search?ps=1&q=Pizza&pl=JTdCJTIyYWRkcmVzcyUyMiUzQSUyMk1pbGVuaW8lMjBJSUklMjBRdWVyZXRhcm8lMjIlMkMlMjJyZWZlcmVuY2UlMjIlM0ElMjJlMjdhYTBiMS03MGRlLTBhYTYtNzFlYy0yMDQ0NGY0OWE4Y2QlMjIlMkMlMjJyZWZlcmVuY2VUeXBlJTIyJTNBJTIydWJlcl9wbGFjZXMlMjIlMkMlMjJsYXRpdHVkZSUyMiUzQTIwLjU5MzExOTMlMkMlMjJsb25naXR1ZGUlMjIlM0EtMTAwLjM0OTM2JTdE,Capricho sin culpa Andador 58,https://www.ubereats.com/queretaro/food-delivery/capricho-sin-culpa-andador-58/h5z1T3sYR0yEoCfg1kRw-A,Capricho sin culpa Andador 58,4.6,-17,
1616368058-58,https://www.ubereats.com/search?ps=1&q=Pizza&pl=JTdCJTIyYWRkcmVzcyUyMiUzQSUyMk1pbGVuaW8lMjBJSUklMjBRdWVyZXRhcm8lMjIlMkMlMjJyZWZlcmVuY2UlMjIlM0ElMjJlMjdhYTBiMS03MGRlLTBhYTYtNzFlYy0yMDQ0NGY0OWE4Y2QlMjIlMkMlMjJyZWZlcmVuY2VUeXBlJTIyJTNBJTIydWJlcl9wbGFjZXMlMjIlMkMlMjJsYXRpdHVkZSUyMiUzQTIwLjU5MzExOTMlMkMlMjJsb25naXR1ZGUlMjIlM0EtMTAwLjM0OTM2JTdE,Sofía Pizzería (Milenio 3),https://www.ubereats.com/queretaro/food-delivery/sofia-pizzeria-milenio-3/k5OGTD-UTri9Y78sffRLYA,Sofía Pizzería (Milenio 3),null,null,
1616368476-93,https://www.ubereats.com/search?ps=1&q=Pizza&pl=JTdCJTIyYWRkcmVzcyUyMiUzQSUyMk1pbGVuaW8lMjBJSUklMjBRdWVyZXRhcm8lMjIlMkMlMjJyZWZlcmVuY2UlMjIlM0ElMjJlMjdhYTBiMS03MGRlLTBhYTYtNzFlYy0yMDQ0NGY0OWE4Y2QlMjIlMkMlMjJyZWZlcmVuY2VUeXBlJTIyJTNBJTIydWJlcl9wbGFjZXMlMjIlMkMlMjJsYXRpdHVkZSUyMiUzQTIwLjU5MzExOTMlMkMlMjJsb25naXR1ZGUlMjIlM0EtMTAwLjM0OTM2JTdE,Ristorante Italiano Brancacci,https://www.ubereats.com/queretaro/food-delivery/ristorante-italiano-brancacci/oDe31mrrRuCEddN7IsniQQ,Ristorante Italiano Brancacci,null,null,
1616368464-92,https://www.ubereats.com/search?ps=1&q=Pizza&pl=JTdCJTIyYWRkcmVzcyUyMiUzQSUyMk1pbGVuaW8lMjBJSUklMjBRdWVyZXRhcm8lMjIlMkMlMjJyZWZlcmVuY2UlMjIlM0ElMjJlMjdhYTBiMS03MGRlLTBhYTYtNzFlYy0yMDQ0NGY0OWE4Y2QlMjIlMkMlMjJyZWZlcmVuY2VUeXBlJTIyJTNBJTIydWJlcl9wbGFjZXMlMjIlMkMlMjJsYXRpdHVkZSUyMiUzQTIwLjU5MzExOTMlMkMlMjJsb25naXR1ZGUlMjIlM0EtMTAwLjM0OTM2JTdE,Dio Pizza,https://www.ubereats.com/queretaro/food-delivery/dio-pizza/s4Qxiy_gRN-MiUCMx36ATA,Dio Pizza,null,-28,
1616368581-102,https://www.ubereats.com/search?ps=1&q=Pizza&pl=JTdCJTIyYWRkcmVzcyUyMiUzQSUyMk1pbGVuaW8lMjBJSUklMjBRdWVyZXRhcm8lMjIlMkMlMjJyZWZlcmVuY2UlMjIlM0ElMjJlMjdhYTBiMS03MGRlLTBhYTYtNzFlYy0yMDQ0NGY0OWE4Y2QlMjIlMkMlMjJyZWZlcmVuY2VUeXBlJTIyJTNBJTIydWJlcl9wbGFjZXMlMjIlMkMlMjJsYXRpdHVkZSUyMiUzQTIwLjU5MzExOTMlMkMlMjJsb25naXR1ZGUlMjIlM0EtMTAwLjM0OTM2JTdE,Pizzería Alto Horno,https://www.ubereats.com/queretaro/food-delivery/pizzeria-alto-horno/FoDANpwWS5mRKAzqOKeKkA,Pizzería Alto Horno,3.9,-37,
1616368233-72,https://www.ubereats.com/search?ps=1&q=Pizza&pl=JTdCJTIyYWRkcmVzcyUyMiUzQSUyMk1pbGVuaW8lMjBJSUklMjBRdWVyZXRhcm8lMjIlMkMlMjJyZWZlcmVuY2UlMjIlM0ElMjJlMjdhYTBiMS03MGRlLTBhYTYtNzFlYy0yMDQ0NGY0OWE4Y2QlMjIlMkMlMjJyZWZlcmVuY2VUeXBlJTIyJTNBJTIydWJlcl9wbGFjZXMlMjIlMkMlMjJsYXRpdHVkZSUyMiUzQTIwLjU5MzExOTMlMkMlMjJsb25naXR1ZGUlMjIlM0EtMTAwLjM0OTM2JTdE,Los Dogos (Puerta La Victoria),https://www.ubereats.com/queretaro/food-delivery/los-dogos-puerta-la-victoria/nM_e3AhtTb6YbQCeSN5lVQ,Los Dogos (Puerta La Victoria),null,null,
1616368650-108,https://www.ubereats.com/search?ps=1&q=Pizza&pl=JTdCJTIyYWRkcmVzcyUyMiUzQSUyMk1pbGVuaW8lMjBJSUklMjBRdWVyZXRhcm8lMjIlMkMlMjJyZWZlcmVuY2UlMjIlM0ElMjJlMjdhYTBiMS03MGRlLTBhYTYtNzFlYy0yMDQ0NGY0OWE4Y2QlMjIlMkMlMjJyZWZlcmVuY2VUeXBlJTIyJTNBJTIydWJlcl9wbGFjZXMlMjIlMkMlMjJsYXRpdHVkZSUyMiUzQTIwLjU5MzExOTMlMkMlMjJsb25naXR1ZGUlMjIlM0EtMTAwLjM0OTM2JTdE,Sagrada pizza (Milenio),https://www.ubereats.com/queretaro/food-delivery/sagrada-pizza-milenio/t5TXOiLER2y8VMCxPV5Mkw,Sagrada pizza (Milenio),4.6,-25,
1616368097-61,https://www.ubereats.com/search?ps=1&q=Pizza&pl=JTdCJTIyYWRkcmVzcyUyMiUzQSUyMk1pbGVuaW8lMjBJSUklMjBRdWVyZXRhcm8lMjIlMkMlMjJyZWZlcmVuY2UlMjIlM0ElMjJlMjdhYTBiMS03MGRlLTBhYTYtNzFlYy0yMDQ0NGY0OWE4Y2QlMjIlMkMlMjJyZWZlcmVuY2VUeXBlJTIyJTNBJTIydWJlcl9wbGFjZXMlMjIlMkMlMjJsYXRpdHVkZSUyMiUzQTIwLjU5MzExOTMlMkMlMjJsb25naXR1ZGUlMjIlM0EtMTAwLjM0OTM2JTdE,Promo Pizza Centro,https://www.ubereats.com/queretaro/food-delivery/promo-pizza-centro/gu6tmFJoTHy4z_MSgSSjdg,Promo Pizza Centro,null,null,
1616368638-107,https://www.ubereats.com/search?ps=1&q=Pizza&pl=JTdCJTIyYWRkcmVzcyUyMiUzQSUyMk1pbGVuaW8lMjBJSUklMjBRdWVyZXRhcm8lMjIlMkMlMjJyZWZlcmVuY2UlMjIlM0ElMjJlMjdhYTBiMS03MGRlLTBhYTYtNzFlYy0yMDQ0NGY0OWE4Y2QlMjIlMkMlMjJyZWZlcmVuY2VUeXBlJTIyJTNBJTIydWJlcl9wbGFjZXMlMjIlMkMlMjJsYXRpdHVkZSUyMiUzQTIwLjU5MzExOTMlMkMlMjJsb25naXR1ZGUlMjIlM0EtMTAwLjM0OTM2JTdE,Benedetti's Pizza Milenio,https://www.ubereats.com/queretaro/food-delivery/benedettis-pizza-milenio/IN-YcG3YTcG_6Wix766cTA,Benedetti's Pizza Milenio,4.7,-52,
1616368033-56,https://www.ubereats.com/search?ps=1&q=Pizza&pl=JTdCJTIyYWRkcmVzcyUyMiUzQSUyMk1pbGVuaW8lMjBJSUklMjBRdWVyZXRhcm8lMjIlMkMlMjJyZWZlcmVuY2UlMjIlM0ElMjJlMjdhYTBiMS03MGRlLTBhYTYtNzFlYy0yMDQ0NGY0OWE4Y2QlMjIlMkMlMjJyZWZlcmVuY2VUeXBlJTIyJTNBJTIydWJlcl9wbGFjZXMlMjIlMkMlMjJsYXRpdHVkZSUyMiUzQTIwLjU5MzExOTMlMkMlMjJsb25naXR1ZGUlMjIlM0EtMTAwLjM0OTM2JTdE,The Factory,https://www.ubereats.com/queretaro/food-delivery/the-factory/OHD7YSwKTymZdtaFNg3HFg,The Factory,null,null,
1616367888-45,https://www.ubereats.com/search?ps=1&q=Pizza&pl=JTdCJTIyYWRkcmVzcyUyMiUzQSUyMk1pbGVuaW8lMjBJSUklMjBRdWVyZXRhcm8lMjIlMkMlMjJyZWZlcmVuY2UlMjIlM0ElMjJlMjdhYTBiMS03MGRlLTBhYTYtNzFlYy0yMDQ0NGY0OWE4Y2QlMjIlMkMlMjJyZWZlcmVuY2VUeXBlJTIyJTNBJTIydWJlcl9wbGFjZXMlMjIlMkMlMjJsYXRpdHVkZSUyMiUzQTIwLjU5MzExOTMlMkMlMjJsb25naXR1ZGUlMjIlM0EtMTAwLjM0OTM2JTdE,El Comal Antojitos Mexicanos,https://www.ubereats.com/queretaro/food-delivery/el-comal-antojitos-mexicanos/9U102bVrQWeQLQFQa_kk4A,El Comal Antojitos Mexicanos,null,null,
1616368123-63,https://www.ubereats.com/search?ps=1&q=Pizza&pl=JTdCJTIyYWRkcmVzcyUyMiUzQSUyMk1pbGVuaW8lMjBJSUklMjBRdWVyZXRhcm8lMjIlMkMlMjJyZWZlcmVuY2UlMjIlM0ElMjJlMjdhYTBiMS03MGRlLTBhYTYtNzFlYy0yMDQ0NGY0OWE4Y2QlMjIlMkMlMjJyZWZlcmVuY2VUeXBlJTIyJTNBJTIydWJlcl9wbGFjZXMlMjIlMkMlMjJsYXRpdHVkZSUyMiUzQTIwLjU5MzExOTMlMkMlMjJsb25naXR1ZGUlMjIlM0EtMTAwLjM0OTM2JTdE,College Bar,https://www.ubereats.com/queretaro/food-delivery/college-bar/opBx5CquQSiPLZH9gMEn_g,College Bar,null,null,
1616368185-68,https://www.ubereats.com/search?ps=1&q=Pizza&pl=JTdCJTIyYWRkcmVzcyUyMiUzQSUyMk1pbGVuaW8lMjBJSUklMjBRdWVyZXRhcm8lMjIlMkMlMjJyZWZlcmVuY2UlMjIlM0ElMjJlMjdhYTBiMS03MGRlLTBhYTYtNzFlYy0yMDQ0NGY0OWE4Y2QlMjIlMkMlMjJyZWZlcmVuY2VUeXBlJTIyJTNBJTIydWJlcl9wbGFjZXMlMjIlMkMlMjJsYXRpdHVkZSUyMiUzQTIwLjU5MzExOTMlMkMlMjJsb25naXR1ZGUlMjIlM0EtMTAwLjM0OTM2JTdE,La Campana,https://www.ubereats.com/queretaro/food-delivery/la-campana/lKJuCgE5TZuyJm8Tzt6D5A,La Campana,4.7,-12,
1616368326-80,https://www.ubereats.com/search?ps=1&q=Pizza&pl=JTdCJTIyYWRkcmVzcyUyMiUzQSUyMk1pbGVuaW8lMjBJSUklMjBRdWVyZXRhcm8lMjIlMkMlMjJyZWZlcmVuY2UlMjIlM0ElMjJlMjdhYTBiMS03MGRlLTBhYTYtNzFlYy0yMDQ0NGY0OWE4Y2QlMjIlMkMlMjJyZWZlcmVuY2VUeXBlJTIyJTNBJTIydWJlcl9wbGFjZXMlMjIlMkMlMjJsYXRpdHVkZSUyMiUzQTIwLjU5MzExOTMlMkMlMjJsb25naXR1ZGUlMjIlM0EtMTAwLjM0OTM2JTdE,Taquería Chemao - Milenio,https://www.ubereats.com/queretaro/food-delivery/taqueria-chemao-milenio/NudSbxIJRtKyCEHsOXSDTg,Taquería Chemao - Milenio,4.6,-50,
1616368047-57,https://www.ubereats.com/search?ps=1&q=Pizza&pl=JTdCJTIyYWRkcmVzcyUyMiUzQSUyMk1pbGVuaW8lMjBJSUklMjBRdWVyZXRhcm8lMjIlMkMlMjJyZWZlcmVuY2UlMjIlM0ElMjJlMjdhYTBiMS03MGRlLTBhYTYtNzFlYy0yMDQ0NGY0OWE4Y2QlMjIlMkMlMjJyZWZlcmVuY2VUeXBlJTIyJTNBJTIydWJlcl9wbGFjZXMlMjIlMkMlMjJsYXRpdHVkZSUyMiUzQTIwLjU5MzExOTMlMkMlMjJsb25naXR1ZGUlMjIlM0EtMTAwLjM0OTM2JTdE,La Gabella Centro Sur,https://www.ubereats.com/queretaro/food-delivery/la-gabella-centro-sur/sPCTihUgSkqabU4mRS5ydA,La Gabella Centro Sur,null,null,
1616367912-47,https://www.ubereats.com/search?ps=1&q=Pizza&pl=JTdCJTIyYWRkcmVzcyUyMiUzQSUyMk1pbGVuaW8lMjBJSUklMjBRdWVyZXRhcm8lMjIlMkMlMjJyZWZlcmVuY2UlMjIlM0ElMjJlMjdhYTBiMS03MGRlLTBhYTYtNzFlYy0yMDQ0NGY0OWE4Y2QlMjIlMkMlMjJyZWZlcmVuY2VUeXBlJTIyJTNBJTIydWJlcl9wbGFjZXMlMjIlMkMlMjJsYXRpdHVkZSUyMiUzQTIwLjU5MzExOTMlMkMlMjJsb25naXR1ZGUlMjIlM0EtMTAwLjM0OTM2JTdE,Avila Empanadas,https://www.ubereats.com/queretaro/food-delivery/avila-empanadas/PUDw-zuRTTOKJGn5NuT3mQ,Avila Empanadas,null,null,
1616368244-73,https://www.ubereats.com/search?ps=1&q=Pizza&pl=JTdCJTIyYWRkcmVzcyUyMiUzQSUyMk1pbGVuaW8lMjBJSUklMjBRdWVyZXRhcm8lMjIlMkMlMjJyZWZlcmVuY2UlMjIlM0ElMjJlMjdhYTBiMS03MGRlLTBhYTYtNzFlYy0yMDQ0NGY0OWE4Y2QlMjIlMkMlMjJyZWZlcmVuY2VUeXBlJTIyJTNBJTIydWJlcl9wbGFjZXMlMjIlMkMlMjJsYXRpdHVkZSUyMiUzQTIwLjU5MzExOTMlMkMlMjJsb25naXR1ZGUlMjIlM0EtMTAwLjM0OTM2JTdE,Dozzo Coffee & Eats,https://www.ubereats.com/queretaro/food-delivery/dozzo-coffee-%26-eats/VGFX-qjJReOtM1FWyCAv8w,Dozzo Coffee & Eats,4.9,-55,
1616367953-50,https://www.ubereats.com/search?ps=1&q=Pizza&pl=JTdCJTIyYWRkcmVzcyUyMiUzQSUyMk1pbGVuaW8lMjBJSUklMjBRdWVyZXRhcm8lMjIlMkMlMjJyZWZlcmVuY2UlMjIlM0ElMjJlMjdhYTBiMS03MGRlLTBhYTYtNzFlYy0yMDQ0NGY0OWE4Y2QlMjIlMkMlMjJyZWZlcmVuY2VUeXBlJTIyJTNBJTIydWJlcl9wbGFjZXMlMjIlMkMlMjJsYXRpdHVkZSUyMiUzQTIwLjU5MzExOTMlMkMlMjJsb25naXR1ZGUlMjIlM0EtMTAwLjM0OTM2JTdE,Filemón Querétaro,https://www.ubereats.com/queretaro/food-delivery/filemon-queretaro/zpYWDz3VTuOcVUbOnv8SxA,Filemón Querétaro,null,null,
1616368547-99,https://www.ubereats.com/search?ps=1&q=Pizza&pl=JTdCJTIyYWRkcmVzcyUyMiUzQSUyMk1pbGVuaW8lMjBJSUklMjBRdWVyZXRhcm8lMjIlMkMlMjJyZWZlcmVuY2UlMjIlM0ElMjJlMjdhYTBiMS03MGRlLTBhYTYtNzFlYy0yMDQ0NGY0OWE4Y2QlMjIlMkMlMjJyZWZlcmVuY2VUeXBlJTIyJTNBJTIydWJlcl9wbGFjZXMlMjIlMkMlMjJsYXRpdHVkZSUyMiUzQTIwLjU5MzExOTMlMkMlMjJsb25naXR1ZGUlMjIlM0EtMTAwLjM0OTM2JTdE,La Piccola Trattoria Querétaro,https://www.ubereats.com/queretaro/food-delivery/la-piccola-trattoria-queretaro/egsMmgBRTaW6D30NoPXygA,La Piccola Trattoria Querétaro,3.5,-31,
1616367978-52,https://www.ubereats.com/search?ps=1&q=Pizza&pl=JTdCJTIyYWRkcmVzcyUyMiUzQSUyMk1pbGVuaW8lMjBJSUklMjBRdWVyZXRhcm8lMjIlMkMlMjJyZWZlcmVuY2UlMjIlM0ElMjJlMjdhYTBiMS03MGRlLTBhYTYtNzFlYy0yMDQ0NGY0OWE4Y2QlMjIlMkMlMjJyZWZlcmVuY2VUeXBlJTIyJTNBJTIydWJlcl9wbGFjZXMlMjIlMkMlMjJsYXRpdHVkZSUyMiUzQTIwLjU5MzExOTMlMkMlMjJsb25naXR1ZGUlMjIlM0EtMTAwLjM0OTM2JTdE,Casual,https://www.ubereats.com/queretaro/food-delivery/casual/F2wbs2XMQ7iOOTYvjT5Puw,Casual,null,null,
1616368674-110,https://www.ubereats.com/search?ps=1&q=Pizza&pl=JTdCJTIyYWRkcmVzcyUyMiUzQSUyMk1pbGVuaW8lMjBJSUklMjBRdWVyZXRhcm8lMjIlMkMlMjJyZWZlcmVuY2UlMjIlM0ElMjJlMjdhYTBiMS03MGRlLTBhYTYtNzFlYy0yMDQ0NGY0OWE4Y2QlMjIlMkMlMjJyZWZlcmVuY2VUeXBlJTIyJTNBJTIydWJlcl9wbGFjZXMlMjIlMkMlMjJsYXRpdHVkZSUyMiUzQTIwLjU5MzExOTMlMkMlMjJsb25naXR1ZGUlMjIlM0EtMTAwLjM0OTM2JTdE,Domino's Ubika Milenio,https://www.ubereats.com/queretaro/food-delivery/dominos-ubika-milenio/RXgyYTMOTQ6Ck3_r95k8mA,Domino's Ubika Milenio,4.1,-114,
1616367875-44,https://www.ubereats.com/search?ps=1&q=Pizza&pl=JTdCJTIyYWRkcmVzcyUyMiUzQSUyMk1pbGVuaW8lMjBJSUklMjBRdWVyZXRhcm8lMjIlMkMlMjJyZWZlcmVuY2UlMjIlM0ElMjJlMjdhYTBiMS03MGRlLTBhYTYtNzFlYy0yMDQ0NGY0OWE4Y2QlMjIlMkMlMjJyZWZlcmVuY2VUeXBlJTIyJTNBJTIydWJlcl9wbGFjZXMlMjIlMkMlMjJsYXRpdHVkZSUyMiUzQTIwLjU5MzExOTMlMkMlMjJsb25naXR1ZGUlMjIlM0EtMTAwLjM0OTM2JTdE,Mushi Reposteria,https://www.ubereats.com/queretaro/food-delivery/mushi-reposteria/u5u6c648RuGisJpvlXOO1Q,Mushi Reposteria,null,null,
1616368020-55,https://www.ubereats.com/search?ps=1&q=Pizza&pl=JTdCJTIyYWRkcmVzcyUyMiUzQSUyMk1pbGVuaW8lMjBJSUklMjBRdWVyZXRhcm8lMjIlMkMlMjJyZWZlcmVuY2UlMjIlM0ElMjJlMjdhYTBiMS03MGRlLTBhYTYtNzFlYy0yMDQ0NGY0OWE4Y2QlMjIlMkMlMjJyZWZlcmVuY2VUeXBlJTIyJTNBJTIydWJlcl9wbGFjZXMlMjIlMkMlMjJsYXRpdHVkZSUyMiUzQTIwLjU5MzExOTMlMkMlMjJsb25naXR1ZGUlMjIlM0EtMTAwLjM0OTM2JTdE,Sinatra 351,https://www.ubereats.com/queretaro/food-delivery/sinatra-351/zO7nnJCgSxGnkdd6nTwxDA,Sinatra 351,null,null,
1616367823-40,https://www.ubereats.com/search?ps=1&q=Pizza&pl=JTdCJTIyYWRkcmVzcyUyMiUzQSUyMk1pbGVuaW8lMjBJSUklMjBRdWVyZXRhcm8lMjIlMkMlMjJyZWZlcmVuY2UlMjIlM0ElMjJlMjdhYTBiMS03MGRlLTBhYTYtNzFlYy0yMDQ0NGY0OWE4Y2QlMjIlMkMlMjJyZWZlcmVuY2VUeXBlJTIyJTNBJTIydWJlcl9wbGFjZXMlMjIlMkMlMjJsYXRpdHVkZSUyMiUzQTIwLjU5MzExOTMlMkMlMjJsb25naXR1ZGUlMjIlM0EtMTAwLjM0OTM2JTdE,Splash Burger (Balaustradas),https://www.ubereats.com/queretaro/food-delivery/splash-burger-balaustradas/tAiDN6pfTMKGIcedw6LWlA,Splash Burger (Balaustradas),null,null,
1616367900-46,https://www.ubereats.com/search?ps=1&q=Pizza&pl=JTdCJTIyYWRkcmVzcyUyMiUzQSUyMk1pbGVuaW8lMjBJSUklMjBRdWVyZXRhcm8lMjIlMkMlMjJyZWZlcmVuY2UlMjIlM0ElMjJlMjdhYTBiMS03MGRlLTBhYTYtNzFlYy0yMDQ0NGY0OWE4Y2QlMjIlMkMlMjJyZWZlcmVuY2VUeXBlJTIyJTNBJTIydWJlcl9wbGFjZXMlMjIlMkMlMjJsYXRpdHVkZSUyMiUzQTIwLjU5MzExOTMlMkMlMjJsb25naXR1ZGUlMjIlM0EtMTAwLjM0OTM2JTdE,Bocca Lupo,https://www.ubereats.com/queretaro/food-delivery/bocca-lupo/TWDVoVOETse5u_N_sdDzuQ,Bocca Lupo,null,null,
1616367940-49,https://www.ubereats.com/search?ps=1&q=Pizza&pl=JTdCJTIyYWRkcmVzcyUyMiUzQSUyMk1pbGVuaW8lMjBJSUklMjBRdWVyZXRhcm8lMjIlMkMlMjJyZWZlcmVuY2UlMjIlM0ElMjJlMjdhYTBiMS03MGRlLTBhYTYtNzFlYy0yMDQ0NGY0OWE4Y2QlMjIlMkMlMjJyZWZlcmVuY2VUeXBlJTIyJTNBJTIydWJlcl9wbGFjZXMlMjIlMkMlMjJsYXRpdHVkZSUyMiUzQTIwLjU5MzExOTMlMkMlMjJsb25naXR1ZGUlMjIlM0EtMTAwLjM0OTM2JTdE,Be Green,https://www.ubereats.com/queretaro/food-delivery/be-green/rGwyplXBQ6qCLFOWVK1ZZA,Be Green,null,null,
1616367862-43,https://www.ubereats.com/search?ps=1&q=Pizza&pl=JTdCJTIyYWRkcmVzcyUyMiUzQSUyMk1pbGVuaW8lMjBJSUklMjBRdWVyZXRhcm8lMjIlMkMlMjJyZWZlcmVuY2UlMjIlM0ElMjJlMjdhYTBiMS03MGRlLTBhYTYtNzFlYy0yMDQ0NGY0OWE4Y2QlMjIlMkMlMjJyZWZlcmVuY2VUeXBlJTIyJTNBJTIydWJlcl9wbGFjZXMlMjIlMkMlMjJsYXRpdHVkZSUyMiUzQTIwLjU5MzExOTMlMkMlMjJsb25naXR1ZGUlMjIlM0EtMTAwLjM0OTM2JTdE,Juguetron® 🛒🧸 (Constituyentes),https://www.ubereats.com/queretaro/food-delivery/juguetron-constituyentes/Eu6SVim8T7KwV2ih4V-ndQ,Juguetron® 🛒🧸 (Constituyentes),null,null,
1616368512-96,https://www.ubereats.com/search?ps=1&q=Pizza&pl=JTdCJTIyYWRkcmVzcyUyMiUzQSUyMk1pbGVuaW8lMjBJSUklMjBRdWVyZXRhcm8lMjIlMkMlMjJyZWZlcmVuY2UlMjIlM0ElMjJlMjdhYTBiMS03MGRlLTBhYTYtNzFlYy0yMDQ0NGY0OWE4Y2QlMjIlMkMlMjJyZWZlcmVuY2VUeXBlJTIyJTNBJTIydWJlcl9wbGFjZXMlMjIlMkMlMjJsYXRpdHVkZSUyMiUzQTIwLjU5MzExOTMlMkMlMjJsb25naXR1ZGUlMjIlM0EtMTAwLjM0OTM2JTdE,Aldo´s Pizza El Marqués,https://www.ubereats.com/queretaro/food-delivery/aldo-s-pizza-el-marques/sWXu1zF2SSiqjFg8TEmQbw,Aldo´s Pizza El Marqués,4.6,-51,
1616368441-90,https://www.ubereats.com/search?ps=1&q=Pizza&pl=JTdCJTIyYWRkcmVzcyUyMiUzQSUyMk1pbGVuaW8lMjBJSUklMjBRdWVyZXRhcm8lMjIlMkMlMjJyZWZlcmVuY2UlMjIlM0ElMjJlMjdhYTBiMS03MGRlLTBhYTYtNzFlYy0yMDQ0NGY0OWE4Y2QlMjIlMkMlMjJyZWZlcmVuY2VUeXBlJTIyJTNBJTIydWJlcl9wbGFjZXMlMjIlMkMlMjJsYXRpdHVkZSUyMiUzQTIwLjU5MzExOTMlMkMlMjJsb25naXR1ZGUlMjIlM0EtMTAwLjM0OTM2JTdE,Lucky Wings Centro Sur,https://www.ubereats.com/queretaro/food-delivery/lucky-wings-centro-sur/z3ZsQJHcS8qne8Cf4Od6MQ,Lucky Wings Centro Sur,4.5,-115,
1616368280-76,https://www.ubereats.com/search?ps=1&q=Pizza&pl=JTdCJTIyYWRkcmVzcyUyMiUzQSUyMk1pbGVuaW8lMjBJSUklMjBRdWVyZXRhcm8lMjIlMkMlMjJyZWZlcmVuY2UlMjIlM0ElMjJlMjdhYTBiMS03MGRlLTBhYTYtNzFlYy0yMDQ0NGY0OWE4Y2QlMjIlMkMlMjJyZWZlcmVuY2VUeXBlJTIyJTNBJTIydWJlcl9wbGFjZXMlMjIlMkMlMjJsYXRpdHVkZSUyMiUzQTIwLjU5MzExOTMlMkMlMjJsb25naXR1ZGUlMjIlM0EtMTAwLjM0OTM2JTdE,Blackbird Coffee Shop,https://www.ubereats.com/queretaro/food-delivery/blackbird-coffee-shop/JYIXLHVYQCOH73ZoVohZxg,Blackbird Coffee Shop,4.1,-67,
1616368173-67,https://www.ubereats.com/search?ps=1&q=Pizza&pl=JTdCJTIyYWRkcmVzcyUyMiUzQSUyMk1pbGVuaW8lMjBJSUklMjBRdWVyZXRhcm8lMjIlMkMlMjJyZWZlcmVuY2UlMjIlM0ElMjJlMjdhYTBiMS03MGRlLTBhYTYtNzFlYy0yMDQ0NGY0OWE4Y2QlMjIlMkMlMjJyZWZlcmVuY2VUeXBlJTIyJTNBJTIydWJlcl9wbGFjZXMlMjIlMkMlMjJsYXRpdHVkZSUyMiUzQTIwLjU5MzExOTMlMkMlMjJsb25naXR1ZGUlMjIlM0EtMTAwLjM0OTM2JTdE,Mi Tiendita Vegetariana,https://www.ubereats.com/queretaro/food-delivery/mi-tiendita-vegetariana/CQPEUMykSdi1Rj3qCV_qjQ,Mi Tiendita Vegetariana,null,null,
1616367773-36,https://www.ubereats.com/search?ps=1&q=Pizza&pl=JTdCJTIyYWRkcmVzcyUyMiUzQSUyMk1pbGVuaW8lMjBJSUklMjBRdWVyZXRhcm8lMjIlMkMlMjJyZWZlcmVuY2UlMjIlM0ElMjJlMjdhYTBiMS03MGRlLTBhYTYtNzFlYy0yMDQ0NGY0OWE4Y2QlMjIlMkMlMjJyZWZlcmVuY2VUeXBlJTIyJTNBJTIydWJlcl9wbGFjZXMlMjIlMkMlMjJsYXRpdHVkZSUyMiUzQTIwLjU5MzExOTMlMkMlMjJsb25naXR1ZGUlMjIlM0EtMTAwLjM0OTM2JTdE,Santa Crepa,https://www.ubereats.com/queretaro/food-delivery/santa-crepa/WZr-2v9XS-Gsk4h7NJg0xQ,Santa Crepa,null,null,
1616368488-94,https://www.ubereats.com/search?ps=1&q=Pizza&pl=JTdCJTIyYWRkcmVzcyUyMiUzQSUyMk1pbGVuaW8lMjBJSUklMjBRdWVyZXRhcm8lMjIlMkMlMjJyZWZlcmVuY2UlMjIlM0ElMjJlMjdhYTBiMS03MGRlLTBhYTYtNzFlYy0yMDQ0NGY0OWE4Y2QlMjIlMkMlMjJyZWZlcmVuY2VUeXBlJTIyJTNBJTIydWJlcl9wbGFjZXMlMjIlMkMlMjJsYXRpdHVkZSUyMiUzQTIwLjU5MzExOTMlMkMlMjJsb25naXR1ZGUlMjIlM0EtMTAwLjM0OTM2JTdE,La Bocha,https://www.ubereats.com/queretaro/food-delivery/la-bocha/l7WmFXAFRGOlVzCIH8CWPg,La Bocha,4.7,-73,
1616368453-91,https://www.ubereats.com/search?ps=1&q=Pizza&pl=JTdCJTIyYWRkcmVzcyUyMiUzQSUyMk1pbGVuaW8lMjBJSUklMjBRdWVyZXRhcm8lMjIlMkMlMjJyZWZlcmVuY2UlMjIlM0ElMjJlMjdhYTBiMS03MGRlLTBhYTYtNzFlYy0yMDQ0NGY0OWE4Y2QlMjIlMkMlMjJyZWZlcmVuY2VUeXBlJTIyJTNBJTIydWJlcl9wbGFjZXMlMjIlMkMlMjJsYXRpdHVkZSUyMiUzQTIwLjU5MzExOTMlMkMlMjJsb25naXR1ZGUlMjIlM0EtMTAwLjM0OTM2JTdE,La Marmota (Mirador),https://www.ubereats.com/queretaro/food-delivery/la-marmota-mirador/zQPPz2dOR3ixVhcHmaqbcg,La Marmota (Mirador),4.5,-207,
1616367837-41,https://www.ubereats.com/search?ps=1&q=Pizza&pl=JTdCJTIyYWRkcmVzcyUyMiUzQSUyMk1pbGVuaW8lMjBJSUklMjBRdWVyZXRhcm8lMjIlMkMlMjJyZWZlcmVuY2UlMjIlM0ElMjJlMjdhYTBiMS03MGRlLTBhYTYtNzFlYy0yMDQ0NGY0OWE4Y2QlMjIlMkMlMjJyZWZlcmVuY2VUeXBlJTIyJTNBJTIydWJlcl9wbGFjZXMlMjIlMkMlMjJsYXRpdHVkZSUyMiUzQTIwLjU5MzExOTMlMkMlMjJsb25naXR1ZGUlMjIlM0EtMTAwLjM0OTM2JTdE,"Corner ""Food & Coffee""",https://www.ubereats.com/queretaro/food-delivery/corner-%22food-%26-coffee%22/Si0KIUMeTheHh-br7rA7eQ,"Corner ""Food & Coffee""",null,null,
1616368137-64,https://www.ubereats.com/search?ps=1&q=Pizza&pl=JTdCJTIyYWRkcmVzcyUyMiUzQSUyMk1pbGVuaW8lMjBJSUklMjBRdWVyZXRhcm8lMjIlMkMlMjJyZWZlcmVuY2UlMjIlM0ElMjJlMjdhYTBiMS03MGRlLTBhYTYtNzFlYy0yMDQ0NGY0OWE4Y2QlMjIlMkMlMjJyZWZlcmVuY2VUeXBlJTIyJTNBJTIydWJlcl9wbGFjZXMlMjIlMkMlMjJsYXRpdHVkZSUyMiUzQTIwLjU5MzExOTMlMkMlMjJsb25naXR1ZGUlMjIlM0EtMTAwLjM0OTM2JTdE,Little Caesars (Constituyentes),https://www.ubereats.com/queretaro/food-delivery/little-caesars-constituyentes/U1aCOTtYTfWlXbIPLxC8RQ,Little Caesars (Constituyentes),4.8,500,
1616368524-97,https://www.ubereats.com/search?ps=1&q=Pizza&pl=JTdCJTIyYWRkcmVzcyUyMiUzQSUyMk1pbGVuaW8lMjBJSUklMjBRdWVyZXRhcm8lMjIlMkMlMjJyZWZlcmVuY2UlMjIlM0ElMjJlMjdhYTBiMS03MGRlLTBhYTYtNzFlYy0yMDQ0NGY0OWE4Y2QlMjIlMkMlMjJyZWZlcmVuY2VUeXBlJTIyJTNBJTIydWJlcl9wbGFjZXMlMjIlMkMlMjJsYXRpdHVkZSUyMiUzQTIwLjU5MzExOTMlMkMlMjJsb25naXR1ZGUlMjIlM0EtMTAwLjM0OTM2JTdE,Nambila,https://www.ubereats.com/queretaro/food-delivery/nambila/iTBAleOSTceGCPMCoTZL4w,Nambila,null,null,
1616368535-98,https://www.ubereats.com/search?ps=1&q=Pizza&pl=JTdCJTIyYWRkcmVzcyUyMiUzQSUyMk1pbGVuaW8lMjBJSUklMjBRdWVyZXRhcm8lMjIlMkMlMjJyZWZlcmVuY2UlMjIlM0ElMjJlMjdhYTBiMS03MGRlLTBhYTYtNzFlYy0yMDQ0NGY0OWE4Y2QlMjIlMkMlMjJyZWZlcmVuY2VUeXBlJTIyJTNBJTIydWJlcl9wbGFjZXMlMjIlMkMlMjJsYXRpdHVkZSUyMiUzQTIwLjU5MzExOTMlMkMlMjJsb25naXR1ZGUlMjIlM0EtMTAwLjM0OTM2JTdE,"""La Patrona"" Pizzas",https://www.ubereats.com/queretaro/food-delivery/%22la-patrona%22-pizzas/NRMquIBuRbOA5BKXrFJT5A,"""La Patrona"" Pizzas",4.8,-91,
1616367811-39,https://www.ubereats.com/search?ps=1&q=Pizza&pl=JTdCJTIyYWRkcmVzcyUyMiUzQSUyMk1pbGVuaW8lMjBJSUklMjBRdWVyZXRhcm8lMjIlMkMlMjJyZWZlcmVuY2UlMjIlM0ElMjJlMjdhYTBiMS03MGRlLTBhYTYtNzFlYy0yMDQ0NGY0OWE4Y2QlMjIlMkMlMjJyZWZlcmVuY2VUeXBlJTIyJTNBJTIydWJlcl9wbGFjZXMlMjIlMkMlMjJsYXRpdHVkZSUyMiUzQTIwLjU5MzExOTMlMkMlMjJsb25naXR1ZGUlMjIlM0EtMTAwLjM0OTM2JTdE,Cinnirolls,https://www.ubereats.com/queretaro/food-delivery/cinnirolls/azAp8T_fQXO3Tr8LfpnFcA,Cinnirolls,null,null,
1616368005-54,https://www.ubereats.com/search?ps=1&q=Pizza&pl=JTdCJTIyYWRkcmVzcyUyMiUzQSUyMk1pbGVuaW8lMjBJSUklMjBRdWVyZXRhcm8lMjIlMkMlMjJyZWZlcmVuY2UlMjIlM0ElMjJlMjdhYTBiMS03MGRlLTBhYTYtNzFlYy0yMDQ0NGY0OWE4Y2QlMjIlMkMlMjJyZWZlcmVuY2VUeXBlJTIyJTNBJTIydWJlcl9wbGFjZXMlMjIlMkMlMjJsYXRpdHVkZSUyMiUzQTIwLjU5MzExOTMlMkMlMjJsb25naXR1ZGUlMjIlM0EtMTAwLjM0OTM2JTdE,Lynchburg,https://www.ubereats.com/queretaro/food-delivery/lynchburg/vcDKNXkrT3mpG40TDtkUNw,Lynchburg,null,null,
1616367797-38,https://www.ubereats.com/search?ps=1&q=Pizza&pl=JTdCJTIyYWRkcmVzcyUyMiUzQSUyMk1pbGVuaW8lMjBJSUklMjBRdWVyZXRhcm8lMjIlMkMlMjJyZWZlcmVuY2UlMjIlM0ElMjJlMjdhYTBiMS03MGRlLTBhYTYtNzFlYy0yMDQ0NGY0OWE4Y2QlMjIlMkMlMjJyZWZlcmVuY2VUeXBlJTIyJTNBJTIydWJlcl9wbGFjZXMlMjIlMkMlMjJsYXRpdHVkZSUyMiUzQTIwLjU5MzExOTMlMkMlMjJsb25naXR1ZGUlMjIlM0EtMTAwLjM0OTM2JTdE,Pavarotti's,https://www.ubereats.com/queretaro/food-delivery/pavarottis/RJtX136vTCSZ0m9ZPWfd8A,Pavarotti's,null,null,
1616368338-81,https://www.ubereats.com/search?ps=1&q=Pizza&pl=JTdCJTIyYWRkcmVzcyUyMiUzQSUyMk1pbGVuaW8lMjBJSUklMjBRdWVyZXRhcm8lMjIlMkMlMjJyZWZlcmVuY2UlMjIlM0ElMjJlMjdhYTBiMS03MGRlLTBhYTYtNzFlYy0yMDQ0NGY0OWE4Y2QlMjIlMkMlMjJyZWZlcmVuY2VUeXBlJTIyJTNBJTIydWJlcl9wbGFjZXMlMjIlMkMlMjJsYXRpdHVkZSUyMiUzQTIwLjU5MzExOTMlMkMlMjJsb25naXR1ZGUlMjIlM0EtMTAwLjM0OTM2JTdE,Gabo´s Pizza & Grill (Popocatépetl),https://www.ubereats.com/queretaro/food-delivery/gabo-s-pizza-%26-grill-popocatepetl/HeW5I9_rTo-XJPSXnbYdhQ,Gabo´s Pizza & Grill (Popocatépetl),null,null,
1616368221-71,https://www.ubereats.com/search?ps=1&q=Pizza&pl=JTdCJTIyYWRkcmVzcyUyMiUzQSUyMk1pbGVuaW8lMjBJSUklMjBRdWVyZXRhcm8lMjIlMkMlMjJyZWZlcmVuY2UlMjIlM0ElMjJlMjdhYTBiMS03MGRlLTBhYTYtNzFlYy0yMDQ0NGY0OWE4Y2QlMjIlMkMlMjJyZWZlcmVuY2VUeXBlJTIyJTNBJTIydWJlcl9wbGFjZXMlMjIlMkMlMjJsYXRpdHVkZSUyMiUzQTIwLjU5MzExOTMlMkMlMjJsb25naXR1ZGUlMjIlM0EtMTAwLjM0OTM2JTdE,El Globo Queretaro Jardines,https://www.ubereats.com/queretaro/food-delivery/el-globo-queretaro-jardines/MRKEqcr_TAy5Yfpgmz4v5w,El Globo Queretaro Jardines,4.8,-482,
1616368349-82,https://www.ubereats.com/search?ps=1&q=Pizza&pl=JTdCJTIyYWRkcmVzcyUyMiUzQSUyMk1pbGVuaW8lMjBJSUklMjBRdWVyZXRhcm8lMjIlMkMlMjJyZWZlcmVuY2UlMjIlM0ElMjJlMjdhYTBiMS03MGRlLTBhYTYtNzFlYy0yMDQ0NGY0OWE4Y2QlMjIlMkMlMjJyZWZlcmVuY2VUeXBlJTIyJTNBJTIydWJlcl9wbGFjZXMlMjIlMkMlMjJsYXRpdHVkZSUyMiUzQTIwLjU5MzExOTMlMkMlMjJsb25naXR1ZGUlMjIlM0EtMTAwLjM0OTM2JTdE,Stromboli Pizzas,https://www.ubereats.com/queretaro/food-delivery/stromboli-pizzas/fGod1c2BTf-eXJrUNwV9wQ,Stromboli Pizzas,3.5,-20,
1616368085-60,https://www.ubereats.com/search?ps=1&q=Pizza&pl=JTdCJTIyYWRkcmVzcyUyMiUzQSUyMk1pbGVuaW8lMjBJSUklMjBRdWVyZXRhcm8lMjIlMkMlMjJyZWZlcmVuY2UlMjIlM0ElMjJlMjdhYTBiMS03MGRlLTBhYTYtNzFlYy0yMDQ0NGY0OWE4Y2QlMjIlMkMlMjJyZWZlcmVuY2VUeXBlJTIyJTNBJTIydWJlcl9wbGFjZXMlMjIlMkMlMjJsYXRpdHVkZSUyMiUzQTIwLjU5MzExOTMlMkMlMjJsb25naXR1ZGUlMjIlM0EtMTAwLjM0OTM2JTdE,Henry Miner BBQ & Pizza,https://www.ubereats.com/queretaro/food-delivery/henry-miner-bbq-%26-pizza/MJF-1rFQR-egj47RK1XQLw,Henry Miner BBQ & Pizza,null,null,
1616368383-85,https://www.ubereats.com/search?ps=1&q=Pizza&pl=JTdCJTIyYWRkcmVzcyUyMiUzQSUyMk1pbGVuaW8lMjBJSUklMjBRdWVyZXRhcm8lMjIlMkMlMjJyZWZlcmVuY2UlMjIlM0ElMjJlMjdhYTBiMS03MGRlLTBhYTYtNzFlYy0yMDQ0NGY0OWE4Y2QlMjIlMkMlMjJyZWZlcmVuY2VUeXBlJTIyJTNBJTIydWJlcl9wbGFjZXMlMjIlMkMlMjJsYXRpdHVkZSUyMiUzQTIwLjU5MzExOTMlMkMlMjJsb25naXR1ZGUlMjIlM0EtMTAwLjM0OTM2JTdE,Todo Empanadas,https://www.ubereats.com/queretaro/food-delivery/todo-empanadas/hf-p_rOfTTanae8nn1XMPw,Todo Empanadas,4.6,-30,
1616368558-100,https://www.ubereats.com/search?ps=1&q=Pizza&pl=JTdCJTIyYWRkcmVzcyUyMiUzQSUyMk1pbGVuaW8lMjBJSUklMjBRdWVyZXRhcm8lMjIlMkMlMjJyZWZlcmVuY2UlMjIlM0ElMjJlMjdhYTBiMS03MGRlLTBhYTYtNzFlYy0yMDQ0NGY0OWE4Y2QlMjIlMkMlMjJyZWZlcmVuY2VUeXBlJTIyJTNBJTIydWJlcl9wbGFjZXMlMjIlMkMlMjJsYXRpdHVkZSUyMiUzQTIwLjU5MzExOTMlMkMlMjJsb25naXR1ZGUlMjIlM0EtMTAwLjM0OTM2JTdE,Pizzeta (Arcos),https://www.ubereats.com/queretaro/food-delivery/pizzeta-arcos/mW-QXCQ9S0-GtFmg0EErTg,Pizzeta (Arcos),4.3,-46,
