web-scraper-order,web-scraper-start-url,link,link-href,name,rating,evals
1616371600-38,https://www.ubereats.com/search?pl=JTdCJTIyYWRkcmVzcyUyMiUzQSUyMlBhcnF1ZSUyMEFsYW1vcyUyMiUyQyUyMnJlZmVyZW5jZSUyMiUzQSUyMjNhYTQyNWJlLTBlYjEtNmU3Yi04ZjE2LTQ0NWEzYjEzZmI4NSUyMiUyQyUyMnJlZmVyZW5jZVR5cGUlMjIlM0ElMjJ1YmVyX3BsYWNlcyUyMiUyQyUyMmxhdGl0dWRlJTIyJTNBMjAuNjA4NDMxOCUyQyUyMmxvbmdpdHVkZSUyMiUzQS0xMDAuMzgzNzgyOSU3RA%3D%3D&q=Pizza,"""La Patrona"" Pizzas",https://www.ubereats.com/queretaro/food-delivery/%22la-patrona%22-pizzas/NRMquIBuRbOA5BKXrFJT5A,"""La Patrona"" Pizzas",null,(91)
1616368173-12,https://www.ubereats.com/search?pl=JTdCJTIyYWRkcmVzcyUyMiUzQSUyMlBhcnF1ZSUyMEFsYW1vcyUyMiUyQyUyMnJlZmVyZW5jZSUyMiUzQSUyMjNhYTQyNWJlLTBlYjEtNmU3Yi04ZjE2LTQ0NWEzYjEzZmI4NSUyMiUyQyUyMnJlZmVyZW5jZVR5cGUlMjIlM0ElMjJ1YmVyX3BsYWNlcyUyMiUyQyUyMmxhdGl0dWRlJTIyJTNBMjAuNjA4NDMxOCUyQyUyMmxvbmdpdHVkZSUyMiUzQS0xMDAuMzgzNzgyOSU3RA%3D%3D&q=Pizza,Mi Tiendita Vegetariana,https://www.ubereats.com/queretaro/food-delivery/mi-tiendita-vegetariana/CQPEUMykSdi1Rj3qCV_qjQ,Mi Tiendita Vegetariana,null,null
1616372568-44,https://www.ubereats.com/search?pl=JTdCJTIyYWRkcmVzcyUyMiUzQSUyMlBhcnF1ZSUyMEFsYW1vcyUyMiUyQyUyMnJlZmVyZW5jZSUyMiUzQSUyMjNhYTQyNWJlLTBlYjEtNmU3Yi04ZjE2LTQ0NWEzYjEzZmI4NSUyMiUyQyUyMnJlZmVyZW5jZVR5cGUlMjIlM0ElMjJ1YmVyX3BsYWNlcyUyMiUyQyUyMmxhdGl0dWRlJTIyJTNBMjAuNjA4NDMxOCUyQyUyMmxvbmdpdHVkZSUyMiUzQS0xMDAuMzgzNzgyOSU3RA%3D%3D&q=Pizza,Napoli Pizza,https://www.ubereats.com/queretaro/food-delivery/napoli-pizza/NSJHs8AjRGuIXQWH7ulUgw,Napoli Pizza,null,null
1616371117-35,https://www.ubereats.com/search?pl=JTdCJTIyYWRkcmVzcyUyMiUzQSUyMlBhcnF1ZSUyMEFsYW1vcyUyMiUyQyUyMnJlZmVyZW5jZSUyMiUzQSUyMjNhYTQyNWJlLTBlYjEtNmU3Yi04ZjE2LTQ0NWEzYjEzZmI4NSUyMiUyQyUyMnJlZmVyZW5jZVR5cGUlMjIlM0ElMjJ1YmVyX3BsYWNlcyUyMiUyQyUyMmxhdGl0dWRlJTIyJTNBMjAuNjA4NDMxOCUyQyUyMmxvbmdpdHVkZSUyMiUzQS0xMDAuMzgzNzgyOSU3RA%3D%3D&q=Pizza,Brutus Pizza,https://www.ubereats.com/queretaro/food-delivery/brutus-pizza/XCNLmCYdTdClcmFYUwCy_g,Brutus Pizza,4.7,(64)
1616368406-17,https://www.ubereats.com/search?pl=JTdCJTIyYWRkcmVzcyUyMiUzQSUyMlBhcnF1ZSUyMEFsYW1vcyUyMiUyQyUyMnJlZmVyZW5jZSUyMiUzQSUyMjNhYTQyNWJlLTBlYjEtNmU3Yi04ZjE2LTQ0NWEzYjEzZmI4NSUyMiUyQyUyMnJlZmVyZW5jZVR5cGUlMjIlM0ElMjJ1YmVyX3BsYWNlcyUyMiUyQyUyMmxhdGl0dWRlJTIyJTNBMjAuNjA4NDMxOCUyQyUyMmxvbmdpdHVkZSUyMiUzQS0xMDAuMzgzNzgyOSU3RA%3D%3D&q=Pizza,Diktatur (Universidad),https://www.ubereats.com/queretaro/food-delivery/diktatur-universidad/RjCoPqywRi66eazWhjAKrg,Diktatur (Universidad),null,null
1616367607-4,https://www.ubereats.com/search?pl=JTdCJTIyYWRkcmVzcyUyMiUzQSUyMlBhcnF1ZSUyMEFsYW1vcyUyMiUyQyUyMnJlZmVyZW5jZSUyMiUzQSUyMjNhYTQyNWJlLTBlYjEtNmU3Yi04ZjE2LTQ0NWEzYjEzZmI4NSUyMiUyQyUyMnJlZmVyZW5jZVR5cGUlMjIlM0ElMjJ1YmVyX3BsYWNlcyUyMiUyQyUyMmxhdGl0dWRlJTIyJTNBMjAuNjA4NDMxOCUyQyUyMmxvbmdpdHVkZSUyMiUzQS0xMDAuMzgzNzgyOSU3RA%3D%3D&q=Pizza,"Galia, Postreria y Pizza",https://www.ubereats.com/queretaro/food-delivery/galia-postreria-y-pizza/1MlrHKcOTA-WK4GGFhutOg,"Galia, Postreria y Pizza",null,null
1616369027-27,https://www.ubereats.com/search?pl=JTdCJTIyYWRkcmVzcyUyMiUzQSUyMlBhcnF1ZSUyMEFsYW1vcyUyMiUyQyUyMnJlZmVyZW5jZSUyMiUzQSUyMjNhYTQyNWJlLTBlYjEtNmU3Yi04ZjE2LTQ0NWEzYjEzZmI4NSUyMiUyQyUyMnJlZmVyZW5jZVR5cGUlMjIlM0ElMjJ1YmVyX3BsYWNlcyUyMiUyQyUyMmxhdGl0dWRlJTIyJTNBMjAuNjA4NDMxOCUyQyUyMmxvbmdpdHVkZSUyMiUzQS0xMDAuMzgzNzgyOSU3RA%3D%3D&q=Pizza,Taquería Chemao - Milenio,https://www.ubereats.com/queretaro/food-delivery/taqueria-chemao-milenio/NudSbxIJRtKyCEHsOXSDTg,Taquería Chemao - Milenio,4.5,(50)
1616368053-10,https://www.ubereats.com/search?pl=JTdCJTIyYWRkcmVzcyUyMiUzQSUyMlBhcnF1ZSUyMEFsYW1vcyUyMiUyQyUyMnJlZmVyZW5jZSUyMiUzQSUyMjNhYTQyNWJlLTBlYjEtNmU3Yi04ZjE2LTQ0NWEzYjEzZmI4NSUyMiUyQyUyMnJlZmVyZW5jZVR5cGUlMjIlM0ElMjJ1YmVyX3BsYWNlcyUyMiUyQyUyMmxhdGl0dWRlJTIyJTNBMjAuNjA4NDMxOCUyQyUyMmxvbmdpdHVkZSUyMiUzQS0xMDAuMzgzNzgyOSU3RA%3D%3D&q=Pizza,Circle K 🛒 (Que Palmas 2 989),https://www.ubereats.com/queretaro/food-delivery/circle-k-que-palmas-2-989/peORwZizSX-9_oO10OJi9g,Circle K 🛒 (Que Palmas 2 989),4.9,(91)
1616368674-23,https://www.ubereats.com/search?pl=JTdCJTIyYWRkcmVzcyUyMiUzQSUyMlBhcnF1ZSUyMEFsYW1vcyUyMiUyQyUyMnJlZmVyZW5jZSUyMiUzQSUyMjNhYTQyNWJlLTBlYjEtNmU3Yi04ZjE2LTQ0NWEzYjEzZmI4NSUyMiUyQyUyMnJlZmVyZW5jZVR5cGUlMjIlM0ElMjJ1YmVyX3BsYWNlcyUyMiUyQyUyMmxhdGl0dWRlJTIyJTNBMjAuNjA4NDMxOCUyQyUyMmxvbmdpdHVkZSUyMiUzQS0xMDAuMzgzNzgyOSU3RA%3D%3D&q=Pizza,Lecaroz (QUERETARO),https://www.ubereats.com/queretaro/food-delivery/lecaroz-queretaro/YFKP1vC-RT6HLQ4PBScfBQ,Lecaroz (QUERETARO),4.6,(268)
1616367675-5,https://www.ubereats.com/search?pl=JTdCJTIyYWRkcmVzcyUyMiUzQSUyMlBhcnF1ZSUyMEFsYW1vcyUyMiUyQyUyMnJlZmVyZW5jZSUyMiUzQSUyMjNhYTQyNWJlLTBlYjEtNmU3Yi04ZjE2LTQ0NWEzYjEzZmI4NSUyMiUyQyUyMnJlZmVyZW5jZVR5cGUlMjIlM0ElMjJ1YmVyX3BsYWNlcyUyMiUyQyUyMmxhdGl0dWRlJTIyJTNBMjAuNjA4NDMxOCUyQyUyMmxvbmdpdHVkZSUyMiUzQS0xMDAuMzgzNzgyOSU3RA%3D%3D&q=Pizza,Benedetti's Pizza Dummy 2 (QUERETARO REPARTO),https://www.ubereats.com/queretaro/food-delivery/benedettis-pizza-dummy-2-queretaro-reparto/Pa8Fuo3iQfWBGVAB9wVfDw,Benedetti's Pizza Dummy 2 (QUERETARO REPARTO),null,null
1616370963-34,https://www.ubereats.com/search?pl=JTdCJTIyYWRkcmVzcyUyMiUzQSUyMlBhcnF1ZSUyMEFsYW1vcyUyMiUyQyUyMnJlZmVyZW5jZSUyMiUzQSUyMjNhYTQyNWJlLTBlYjEtNmU3Yi04ZjE2LTQ0NWEzYjEzZmI4NSUyMiUyQyUyMnJlZmVyZW5jZVR5cGUlMjIlM0ElMjJ1YmVyX3BsYWNlcyUyMiUyQyUyMmxhdGl0dWRlJTIyJTNBMjAuNjA4NDMxOCUyQyUyMmxvbmdpdHVkZSUyMiUzQS0xMDAuMzgzNzgyOSU3RA%3D%3D&q=Pizza,Aldo´s Pizza El Marqués,https://www.ubereats.com/queretaro/food-delivery/aldo-s-pizza-el-marques/sWXu1zF2SSiqjFg8TEmQbw,Aldo´s Pizza El Marqués,4.6,(51)
1616368486-19,https://www.ubereats.com/search?pl=JTdCJTIyYWRkcmVzcyUyMiUzQSUyMlBhcnF1ZSUyMEFsYW1vcyUyMiUyQyUyMnJlZmVyZW5jZSUyMiUzQSUyMjNhYTQyNWJlLTBlYjEtNmU3Yi04ZjE2LTQ0NWEzYjEzZmI4NSUyMiUyQyUyMnJlZmVyZW5jZVR5cGUlMjIlM0ElMjJ1YmVyX3BsYWNlcyUyMiUyQyUyMmxhdGl0dWRlJTIyJTNBMjAuNjA4NDMxOCUyQyUyMmxvbmdpdHVkZSUyMiUzQS0xMDAuMzgzNzgyOSU3RA%3D%3D&q=Pizza,Manceba,https://www.ubereats.com/queretaro/food-delivery/manceba/_NFVvHTlT5qu689d_MxqJw,Manceba,null,null
1616367546-3,https://www.ubereats.com/search?pl=JTdCJTIyYWRkcmVzcyUyMiUzQSUyMlBhcnF1ZSUyMEFsYW1vcyUyMiUyQyUyMnJlZmVyZW5jZSUyMiUzQSUyMjNhYTQyNWJlLTBlYjEtNmU3Yi04ZjE2LTQ0NWEzYjEzZmI4NSUyMiUyQyUyMnJlZmVyZW5jZVR5cGUlMjIlM0ElMjJ1YmVyX3BsYWNlcyUyMiUyQyUyMmxhdGl0dWRlJTIyJTNBMjAuNjA4NDMxOCUyQyUyMmxvbmdpdHVkZSUyMiUzQS0xMDAuMzgzNzgyOSU3RA%3D%3D&q=Pizza,Henry Miner BBQ & Pizza,https://www.ubereats.com/queretaro/food-delivery/henry-miner-bbq-%26-pizza/MJF-1rFQR-egj47RK1XQLw,Henry Miner BBQ & Pizza,null,null
1616371857-41,https://www.ubereats.com/search?pl=JTdCJTIyYWRkcmVzcyUyMiUzQSUyMlBhcnF1ZSUyMEFsYW1vcyUyMiUyQyUyMnJlZmVyZW5jZSUyMiUzQSUyMjNhYTQyNWJlLTBlYjEtNmU3Yi04ZjE2LTQ0NWEzYjEzZmI4NSUyMiUyQyUyMnJlZmVyZW5jZVR5cGUlMjIlM0ElMjJ1YmVyX3BsYWNlcyUyMiUyQyUyMmxhdGl0dWRlJTIyJTNBMjAuNjA4NDMxOCUyQyUyMmxvbmdpdHVkZSUyMiUzQS0xMDAuMzgzNzgyOSU3RA%3D%3D&q=Pizza,Pizzería Alto Horno,https://www.ubereats.com/queretaro/food-delivery/pizzeria-alto-horno/FoDANpwWS5mRKAzqOKeKkA,Pizzería Alto Horno,null,null
1616371372-37,https://www.ubereats.com/search?pl=JTdCJTIyYWRkcmVzcyUyMiUzQSUyMlBhcnF1ZSUyMEFsYW1vcyUyMiUyQyUyMnJlZmVyZW5jZSUyMiUzQSUyMjNhYTQyNWJlLTBlYjEtNmU3Yi04ZjE2LTQ0NWEzYjEzZmI4NSUyMiUyQyUyMnJlZmVyZW5jZVR5cGUlMjIlM0ElMjJ1YmVyX3BsYWNlcyUyMiUyQyUyMmxhdGl0dWRlJTIyJTNBMjAuNjA4NDMxOCUyQyUyMmxvbmdpdHVkZSUyMiUzQS0xMDAuMzgzNzgyOSU3RA%3D%3D&q=Pizza,Fiume 37,https://www.ubereats.com/queretaro/food-delivery/fiume-37/a9YdWM1oR4mF6G_xL_RJwg,Fiume 37,null,null
1616367735-6,https://www.ubereats.com/search?pl=JTdCJTIyYWRkcmVzcyUyMiUzQSUyMlBhcnF1ZSUyMEFsYW1vcyUyMiUyQyUyMnJlZmVyZW5jZSUyMiUzQSUyMjNhYTQyNWJlLTBlYjEtNmU3Yi04ZjE2LTQ0NWEzYjEzZmI4NSUyMiUyQyUyMnJlZmVyZW5jZVR5cGUlMjIlM0ElMjJ1YmVyX3BsYWNlcyUyMiUyQyUyMmxhdGl0dWRlJTIyJTNBMjAuNjA4NDMxOCUyQyUyMmxvbmdpdHVkZSUyMiUzQS0xMDAuMzgzNzgyOSU3RA%3D%3D&q=Pizza,Aldo´s Pizza Sucursal Menchaca,https://www.ubereats.com/queretaro/food-delivery/aldo-s-pizza-sucursal-menchaca/nxb2jed1QY2DM2LRdUG55Q,Aldo´s Pizza Sucursal Menchaca,null,null
1616368111-11,https://www.ubereats.com/search?pl=JTdCJTIyYWRkcmVzcyUyMiUzQSUyMlBhcnF1ZSUyMEFsYW1vcyUyMiUyQyUyMnJlZmVyZW5jZSUyMiUzQSUyMjNhYTQyNWJlLTBlYjEtNmU3Yi04ZjE2LTQ0NWEzYjEzZmI4NSUyMiUyQyUyMnJlZmVyZW5jZVR5cGUlMjIlM0ElMjJ1YmVyX3BsYWNlcyUyMiUyQyUyMmxhdGl0dWRlJTIyJTNBMjAuNjA4NDMxOCUyQyUyMmxvbmdpdHVkZSUyMiUzQS0xMDAuMzgzNzgyOSU3RA%3D%3D&q=Pizza,Café Qronos,https://www.ubereats.com/queretaro/food-delivery/cafe-qronos/YAxlsqFDTZyjErSEBJTcog,Café Qronos,null,null
1616367421-1,https://www.ubereats.com/search?pl=JTdCJTIyYWRkcmVzcyUyMiUzQSUyMlBhcnF1ZSUyMEFsYW1vcyUyMiUyQyUyMnJlZmVyZW5jZSUyMiUzQSUyMjNhYTQyNWJlLTBlYjEtNmU3Yi04ZjE2LTQ0NWEzYjEzZmI4NSUyMiUyQyUyMnJlZmVyZW5jZVR5cGUlMjIlM0ElMjJ1YmVyX3BsYWNlcyUyMiUyQyUyMmxhdGl0dWRlJTIyJTNBMjAuNjA4NDMxOCUyQyUyMmxvbmdpdHVkZSUyMiUzQS0xMDAuMzgzNzgyOSU3RA%3D%3D&q=Pizza,Little Caesars (Pie de la cuesta),https://www.ubereats.com/queretaro/food-delivery/little-caesars-pie-de-la-cuesta/pls7GGsjT-qGcn9PIOlugA,Little Caesars (Pie de la cuesta),null,null
1616368615-22,https://www.ubereats.com/search?pl=JTdCJTIyYWRkcmVzcyUyMiUzQSUyMlBhcnF1ZSUyMEFsYW1vcyUyMiUyQyUyMnJlZmVyZW5jZSUyMiUzQSUyMjNhYTQyNWJlLTBlYjEtNmU3Yi04ZjE2LTQ0NWEzYjEzZmI4NSUyMiUyQyUyMnJlZmVyZW5jZVR5cGUlMjIlM0ElMjJ1YmVyX3BsYWNlcyUyMiUyQyUyMmxhdGl0dWRlJTIyJTNBMjAuNjA4NDMxOCUyQyUyMmxvbmdpdHVkZSUyMiUzQS0xMDAuMzgzNzgyOSU3RA%3D%3D&q=Pizza,Coffee Tree Cinépolis 🛒 (La Victoria Latitud),https://www.ubereats.com/queretaro/food-delivery/coffee-tree-cinepolis-la-victoria-latitud/_1XHWAFsQU-LIJTZP8qwUA,Coffee Tree Cinépolis 🛒 (La Victoria Latitud),null,null
1616367925-9,https://www.ubereats.com/search?pl=JTdCJTIyYWRkcmVzcyUyMiUzQSUyMlBhcnF1ZSUyMEFsYW1vcyUyMiUyQyUyMnJlZmVyZW5jZSUyMiUzQSUyMjNhYTQyNWJlLTBlYjEtNmU3Yi04ZjE2LTQ0NWEzYjEzZmI4NSUyMiUyQyUyMnJlZmVyZW5jZVR5cGUlMjIlM0ElMjJ1YmVyX3BsYWNlcyUyMiUyQyUyMmxhdGl0dWRlJTIyJTNBMjAuNjA4NDMxOCUyQyUyMmxvbmdpdHVkZSUyMiUzQS0xMDAuMzgzNzgyOSU3RA%3D%3D&q=Pizza,CheeseUp Pizza,https://www.ubereats.com/queretaro/food-delivery/cheeseup-pizza/EXa8jRBjR2u11_-RiLVkPA,CheeseUp Pizza,null,null
1616372695-45,https://www.ubereats.com/search?pl=JTdCJTIyYWRkcmVzcyUyMiUzQSUyMlBhcnF1ZSUyMEFsYW1vcyUyMiUyQyUyMnJlZmVyZW5jZSUyMiUzQSUyMjNhYTQyNWJlLTBlYjEtNmU3Yi04ZjE2LTQ0NWEzYjEzZmI4NSUyMiUyQyUyMnJlZmVyZW5jZVR5cGUlMjIlM0ElMjJ1YmVyX3BsYWNlcyUyMiUyQyUyMmxhdGl0dWRlJTIyJTNBMjAuNjA4NDMxOCUyQyUyMmxvbmdpdHVkZSUyMiUzQS0xMDAuMzgzNzgyOSU3RA%3D%3D&q=Pizza,Domino's Querétaro Arcos,https://www.ubereats.com/queretaro/food-delivery/dominos-queretaro-arcos/2_cv2yTJSy-jTK2q5pnAVA,Domino's Querétaro Arcos,3.8,(122)
1616368220-13,https://www.ubereats.com/search?pl=JTdCJTIyYWRkcmVzcyUyMiUzQSUyMlBhcnF1ZSUyMEFsYW1vcyUyMiUyQyUyMnJlZmVyZW5jZSUyMiUzQSUyMjNhYTQyNWJlLTBlYjEtNmU3Yi04ZjE2LTQ0NWEzYjEzZmI4NSUyMiUyQyUyMnJlZmVyZW5jZVR5cGUlMjIlM0ElMjJ1YmVyX3BsYWNlcyUyMiUyQyUyMmxhdGl0dWRlJTIyJTNBMjAuNjA4NDMxOCUyQyUyMmxvbmdpdHVkZSUyMiUzQS0xMDAuMzgzNzgyOSU3RA%3D%3D&q=Pizza,GR Chaires (Pies de la Cuesta),https://www.ubereats.com/queretaro/food-delivery/gr-chaires-pies-de-la-cuesta/uA-EDxH7QhGEN6OPxVQ7Dw,GR Chaires (Pies de la Cuesta),4.6,(23)
1616368305-15,https://www.ubereats.com/search?pl=JTdCJTIyYWRkcmVzcyUyMiUzQSUyMlBhcnF1ZSUyMEFsYW1vcyUyMiUyQyUyMnJlZmVyZW5jZSUyMiUzQSUyMjNhYTQyNWJlLTBlYjEtNmU3Yi04ZjE2LTQ0NWEzYjEzZmI4NSUyMiUyQyUyMnJlZmVyZW5jZVR5cGUlMjIlM0ElMjJ1YmVyX3BsYWNlcyUyMiUyQyUyMmxhdGl0dWRlJTIyJTNBMjAuNjA4NDMxOCUyQyUyMmxvbmdpdHVkZSUyMiUzQS0xMDAuMzgzNzgyOSU3RA%3D%3D&q=Pizza,La Campana,https://www.ubereats.com/queretaro/food-delivery/la-campana/lKJuCgE5TZuyJm8Tzt6D5A,La Campana,4.7,-12
1616368445-18,https://www.ubereats.com/search?pl=JTdCJTIyYWRkcmVzcyUyMiUzQSUyMlBhcnF1ZSUyMEFsYW1vcyUyMiUyQyUyMnJlZmVyZW5jZSUyMiUzQSUyMjNhYTQyNWJlLTBlYjEtNmU3Yi04ZjE2LTQ0NWEzYjEzZmI4NSUyMiUyQyUyMnJlZmVyZW5jZVR5cGUlMjIlM0ElMjJ1YmVyX3BsYWNlcyUyMiUyQyUyMmxhdGl0dWRlJTIyJTNBMjAuNjA4NDMxOCUyQyUyMmxvbmdpdHVkZSUyMiUzQS0xMDAuMzgzNzgyOSU3RA%3D%3D&q=Pizza,Burrito Anónimo (Villas Tecnológico),https://www.ubereats.com/queretaro/food-delivery/burrito-anonimo-villas-tecnologico/dAHyR-FxRrO8uNDptc10Ww,Burrito Anónimo (Villas Tecnológico),4.6,(54)
1616369274-30,https://www.ubereats.com/search?pl=JTdCJTIyYWRkcmVzcyUyMiUzQSUyMlBhcnF1ZSUyMEFsYW1vcyUyMiUyQyUyMnJlZmVyZW5jZSUyMiUzQSUyMjNhYTQyNWJlLTBlYjEtNmU3Yi04ZjE2LTQ0NWEzYjEzZmI4NSUyMiUyQyUyMnJlZmVyZW5jZVR5cGUlMjIlM0ElMjJ1YmVyX3BsYWNlcyUyMiUyQyUyMmxhdGl0dWRlJTIyJTNBMjAuNjA4NDMxOCUyQyUyMmxvbmdpdHVkZSUyMiUzQS0xMDAuMzgzNzgyOSU3RA%3D%3D&q=Pizza,"""Happy Box"" Cajas de Alitas y Snaks",https://www.ubereats.com/queretaro/food-delivery/%22happy-box%22-cajas-de-alitas-y-snaks/GVJhSziTQL6o-vMpS9fOyg,"""Happy Box"" Cajas de Alitas y Snaks",4.5,(46)
1616368528-20,https://www.ubereats.com/search?pl=JTdCJTIyYWRkcmVzcyUyMiUzQSUyMlBhcnF1ZSUyMEFsYW1vcyUyMiUyQyUyMnJlZmVyZW5jZSUyMiUzQSUyMjNhYTQyNWJlLTBlYjEtNmU3Yi04ZjE2LTQ0NWEzYjEzZmI4NSUyMiUyQyUyMnJlZmVyZW5jZVR5cGUlMjIlM0ElMjJ1YmVyX3BsYWNlcyUyMiUyQyUyMmxhdGl0dWRlJTIyJTNBMjAuNjA4NDMxOCUyQyUyMmxvbmdpdHVkZSUyMiUzQS0xMDAuMzgzNzgyOSU3RA%3D%3D&q=Pizza,Pepe Pastes Universidad,https://www.ubereats.com/queretaro/food-delivery/pepe-pastes-universidad/XPs05X-_R6et_-uWL_563w,Pepe Pastes Universidad,4.4,(31)
1616370233-31,https://www.ubereats.com/search?pl=JTdCJTIyYWRkcmVzcyUyMiUzQSUyMlBhcnF1ZSUyMEFsYW1vcyUyMiUyQyUyMnJlZmVyZW5jZSUyMiUzQSUyMjNhYTQyNWJlLTBlYjEtNmU3Yi04ZjE2LTQ0NWEzYjEzZmI4NSUyMiUyQyUyMnJlZmVyZW5jZVR5cGUlMjIlM0ElMjJ1YmVyX3BsYWNlcyUyMiUyQyUyMmxhdGl0dWRlJTIyJTNBMjAuNjA4NDMxOCUyQyUyMmxvbmdpdHVkZSUyMiUzQS0xMDAuMzgzNzgyOSU3RA%3D%3D&q=Pizza,Nambila,https://www.ubereats.com/queretaro/food-delivery/nambila/iTBAleOSTceGCPMCoTZL4w,Nambila,null,null
1616370453-33,https://www.ubereats.com/search?pl=JTdCJTIyYWRkcmVzcyUyMiUzQSUyMlBhcnF1ZSUyMEFsYW1vcyUyMiUyQyUyMnJlZmVyZW5jZSUyMiUzQSUyMjNhYTQyNWJlLTBlYjEtNmU3Yi04ZjE2LTQ0NWEzYjEzZmI4NSUyMiUyQyUyMnJlZmVyZW5jZVR5cGUlMjIlM0ElMjJ1YmVyX3BsYWNlcyUyMiUyQyUyMmxhdGl0dWRlJTIyJTNBMjAuNjA4NDMxOCUyQyUyMmxvbmdpdHVkZSUyMiUzQS0xMDAuMzgzNzgyOSU3RA%3D%3D&q=Pizza,"La Santa Pizza ""Villas del Parque""",https://www.ubereats.com/queretaro/food-delivery/la-santa-pizza-%22villas-del-parque%22/1nXou-xtT9251UGWjHZs3g,"La Santa Pizza ""Villas del Parque""",null,null
1616372268-43,https://www.ubereats.com/search?pl=JTdCJTIyYWRkcmVzcyUyMiUzQSUyMlBhcnF1ZSUyMEFsYW1vcyUyMiUyQyUyMnJlZmVyZW5jZSUyMiUzQSUyMjNhYTQyNWJlLTBlYjEtNmU3Yi04ZjE2LTQ0NWEzYjEzZmI4NSUyMiUyQyUyMnJlZmVyZW5jZVR5cGUlMjIlM0ElMjJ1YmVyX3BsYWNlcyUyMiUyQyUyMmxhdGl0dWRlJTIyJTNBMjAuNjA4NDMxOCUyQyUyMmxvbmdpdHVkZSUyMiUzQS0xMDAuMzgzNzgyOSU3RA%3D%3D&q=Pizza,Sagrada pizza (Lomas),https://www.ubereats.com/queretaro/food-delivery/sagrada-pizza-lomas/o3y6WEgzRteTBi4wHE84Tg,Sagrada pizza (Lomas),null,(31)
1616372022-42,https://www.ubereats.com/search?pl=JTdCJTIyYWRkcmVzcyUyMiUzQSUyMlBhcnF1ZSUyMEFsYW1vcyUyMiUyQyUyMnJlZmVyZW5jZSUyMiUzQSUyMjNhYTQyNWJlLTBlYjEtNmU3Yi04ZjE2LTQ0NWEzYjEzZmI4NSUyMiUyQyUyMnJlZmVyZW5jZVR5cGUlMjIlM0ElMjJ1YmVyX3BsYWNlcyUyMiUyQyUyMmxhdGl0dWRlJTIyJTNBMjAuNjA4NDMxOCUyQyUyMmxvbmdpdHVkZSUyMiUzQS0xMDAuMzgzNzgyOSU3RA%3D%3D&q=Pizza,Zapata Pizzas Soriana Quintano,https://www.ubereats.com/queretaro/food-delivery/zapata-pizzas-soriana-quintano/OZApUc3gQBK5d52OYc1MWw,Zapata Pizzas Soriana Quintano,null,(89)
1616370368-32,https://www.ubereats.com/search?pl=JTdCJTIyYWRkcmVzcyUyMiUzQSUyMlBhcnF1ZSUyMEFsYW1vcyUyMiUyQyUyMnJlZmVyZW5jZSUyMiUzQSUyMjNhYTQyNWJlLTBlYjEtNmU3Yi04ZjE2LTQ0NWEzYjEzZmI4NSUyMiUyQyUyMnJlZmVyZW5jZVR5cGUlMjIlM0ElMjJ1YmVyX3BsYWNlcyUyMiUyQyUyMmxhdGl0dWRlJTIyJTNBMjAuNjA4NDMxOCUyQyUyMmxvbmdpdHVkZSUyMiUzQS0xMDAuMzgzNzgyOSU3RA%3D%3D&q=Pizza,Manduka Restaurante,https://www.ubereats.com/queretaro/food-delivery/manduka-restaurante/RliM0mXpRp6FeZrRC1W_lw,Manduka Restaurante,null,(46)
1616368346-16,https://www.ubereats.com/search?pl=JTdCJTIyYWRkcmVzcyUyMiUzQSUyMlBhcnF1ZSUyMEFsYW1vcyUyMiUyQyUyMnJlZmVyZW5jZSUyMiUzQSUyMjNhYTQyNWJlLTBlYjEtNmU3Yi04ZjE2LTQ0NWEzYjEzZmI4NSUyMiUyQyUyMnJlZmVyZW5jZVR5cGUlMjIlM0ElMjJ1YmVyX3BsYWNlcyUyMiUyQyUyMmxhdGl0dWRlJTIyJTNBMjAuNjA4NDMxOCUyQyUyMmxvbmdpdHVkZSUyMiUzQS0xMDAuMzgzNzgyOSU3RA%3D%3D&q=Pizza,Choripanes FC,https://www.ubereats.com/queretaro/food-delivery/choripanes-fc/YKm5UF3SS0OuCoRdP2eiRg,Choripanes FC,null,(12)
1616368573-21,https://www.ubereats.com/search?pl=JTdCJTIyYWRkcmVzcyUyMiUzQSUyMlBhcnF1ZSUyMEFsYW1vcyUyMiUyQyUyMnJlZmVyZW5jZSUyMiUzQSUyMjNhYTQyNWJlLTBlYjEtNmU3Yi04ZjE2LTQ0NWEzYjEzZmI4NSUyMiUyQyUyMnJlZmVyZW5jZVR5cGUlMjIlM0ElMjJ1YmVyX3BsYWNlcyUyMiUyQyUyMmxhdGl0dWRlJTIyJTNBMjAuNjA4NDMxOCUyQyUyMmxvbmdpdHVkZSUyMiUzQS0xMDAuMzgzNzgyOSU3RA%3D%3D&q=Pizza,Diktatur (Peralta),https://www.ubereats.com/queretaro/food-delivery/diktatur-peralta/464Mm3tLTBO3N2OfFYcVMQ,Diktatur (Peralta),null,null
1616367469-2,https://www.ubereats.com/search?pl=JTdCJTIyYWRkcmVzcyUyMiUzQSUyMlBhcnF1ZSUyMEFsYW1vcyUyMiUyQyUyMnJlZmVyZW5jZSUyMiUzQSUyMjNhYTQyNWJlLTBlYjEtNmU3Yi04ZjE2LTQ0NWEzYjEzZmI4NSUyMiUyQyUyMnJlZmVyZW5jZVR5cGUlMjIlM0ElMjJ1YmVyX3BsYWNlcyUyMiUyQyUyMmxhdGl0dWRlJTIyJTNBMjAuNjA4NDMxOCUyQyUyMmxvbmdpdHVkZSUyMiUzQS0xMDAuMzgzNzgyOSU3RA%3D%3D&q=Pizza,MollePizzas,https://www.ubereats.com/queretaro/food-delivery/mollepizzas/ASz4E7s5TtamvmBkst8Mxg,MollePizzas,null,null
1616371284-36,https://www.ubereats.com/search?pl=JTdCJTIyYWRkcmVzcyUyMiUzQSUyMlBhcnF1ZSUyMEFsYW1vcyUyMiUyQyUyMnJlZmVyZW5jZSUyMiUzQSUyMjNhYTQyNWJlLTBlYjEtNmU3Yi04ZjE2LTQ0NWEzYjEzZmI4NSUyMiUyQyUyMnJlZmVyZW5jZVR5cGUlMjIlM0ElMjJ1YmVyX3BsYWNlcyUyMiUyQyUyMmxhdGl0dWRlJTIyJTNBMjAuNjA4NDMxOCUyQyUyMmxvbmdpdHVkZSUyMiUzQS0xMDAuMzgzNzgyOSU3RA%3D%3D&q=Pizza,Movies pizza,https://www.ubereats.com/queretaro/food-delivery/movies-pizza/8Np5-LJYSRWLph2I1i-dxg,Movies pizza,null,(66)
1616368946-25,https://www.ubereats.com/search?pl=JTdCJTIyYWRkcmVzcyUyMiUzQSUyMlBhcnF1ZSUyMEFsYW1vcyUyMiUyQyUyMnJlZmVyZW5jZSUyMiUzQSUyMjNhYTQyNWJlLTBlYjEtNmU3Yi04ZjE2LTQ0NWEzYjEzZmI4NSUyMiUyQyUyMnJlZmVyZW5jZVR5cGUlMjIlM0ElMjJ1YmVyX3BsYWNlcyUyMiUyQyUyMmxhdGl0dWRlJTIyJTNBMjAuNjA4NDMxOCUyQyUyMmxvbmdpdHVkZSUyMiUzQS0xMDAuMzgzNzgyOSU3RA%3D%3D&q=Pizza,Rocketto Quintana,https://www.ubereats.com/queretaro/food-delivery/rocketto-quintana/ZsbasKYGQKeBFV1kp72ztg,Rocketto Quintana,null,(85)
1616369198-29,https://www.ubereats.com/search?pl=JTdCJTIyYWRkcmVzcyUyMiUzQSUyMlBhcnF1ZSUyMEFsYW1vcyUyMiUyQyUyMnJlZmVyZW5jZSUyMiUzQSUyMjNhYTQyNWJlLTBlYjEtNmU3Yi04ZjE2LTQ0NWEzYjEzZmI4NSUyMiUyQyUyMnJlZmVyZW5jZVR5cGUlMjIlM0ElMjJ1YmVyX3BsYWNlcyUyMiUyQyUyMmxhdGl0dWRlJTIyJTNBMjAuNjA4NDMxOCUyQyUyMmxvbmdpdHVkZSUyMiUzQS0xMDAuMzgzNzgyOSU3RA%3D%3D&q=Pizza,Pepepastes (Centro),https://www.ubereats.com/queretaro/food-delivery/pepepastes-centro/eZiHAShXRmuqvxDYL5vRWw,Pepepastes (Centro),null,(41)
1616371697-40,https://www.ubereats.com/search?pl=JTdCJTIyYWRkcmVzcyUyMiUzQSUyMlBhcnF1ZSUyMEFsYW1vcyUyMiUyQyUyMnJlZmVyZW5jZSUyMiUzQSUyMjNhYTQyNWJlLTBlYjEtNmU3Yi04ZjE2LTQ0NWEzYjEzZmI4NSUyMiUyQyUyMnJlZmVyZW5jZVR5cGUlMjIlM0ElMjJ1YmVyX3BsYWNlcyUyMiUyQyUyMmxhdGl0dWRlJTIyJTNBMjAuNjA4NDMxOCUyQyUyMmxvbmdpdHVkZSUyMiUzQS0xMDAuMzgzNzgyOSU3RA%3D%3D&q=Pizza,Di Vino,https://www.ubereats.com/queretaro/food-delivery/di-vino/3N_2O7cmQxav-mQLdPq7EA,Di Vino,null,null
1616368730-24,https://www.ubereats.com/search?pl=JTdCJTIyYWRkcmVzcyUyMiUzQSUyMlBhcnF1ZSUyMEFsYW1vcyUyMiUyQyUyMnJlZmVyZW5jZSUyMiUzQSUyMjNhYTQyNWJlLTBlYjEtNmU3Yi04ZjE2LTQ0NWEzYjEzZmI4NSUyMiUyQyUyMnJlZmVyZW5jZVR5cGUlMjIlM0ElMjJ1YmVyX3BsYWNlcyUyMiUyQyUyMmxhdGl0dWRlJTIyJTNBMjAuNjA4NDMxOCUyQyUyMmxvbmdpdHVkZSUyMiUzQS0xMDAuMzgzNzgyOSU3RA%3D%3D&q=Pizza,Nuriko Sushi Express Universidad,https://www.ubereats.com/queretaro/food-delivery/nuriko-sushi-express-universidad/izWliwigTCOc3fiEsessfw,Nuriko Sushi Express Universidad,null,(93)
1616371636-39,https://www.ubereats.com/search?pl=JTdCJTIyYWRkcmVzcyUyMiUzQSUyMlBhcnF1ZSUyMEFsYW1vcyUyMiUyQyUyMnJlZmVyZW5jZSUyMiUzQSUyMjNhYTQyNWJlLTBlYjEtNmU3Yi04ZjE2LTQ0NWEzYjEzZmI4NSUyMiUyQyUyMnJlZmVyZW5jZVR5cGUlMjIlM0ElMjJ1YmVyX3BsYWNlcyUyMiUyQyUyMmxhdGl0dWRlJTIyJTNBMjAuNjA4NDMxOCUyQyUyMmxvbmdpdHVkZSUyMiUzQS0xMDAuMzgzNzgyOSU3RA%3D%3D&q=Pizza,Pizzas Monttier,https://www.ubereats.com/queretaro/food-delivery/pizzas-monttier/DpIW7HGDTXmJkAJeuaA5hw,Pizzas Monttier,null,(128)
1616369070-28,https://www.ubereats.com/search?pl=JTdCJTIyYWRkcmVzcyUyMiUzQSUyMlBhcnF1ZSUyMEFsYW1vcyUyMiUyQyUyMnJlZmVyZW5jZSUyMiUzQSUyMjNhYTQyNWJlLTBlYjEtNmU3Yi04ZjE2LTQ0NWEzYjEzZmI4NSUyMiUyQyUyMnJlZmVyZW5jZVR5cGUlMjIlM0ElMjJ1YmVyX3BsYWNlcyUyMiUyQyUyMmxhdGl0dWRlJTIyJTNBMjAuNjA4NDMxOCUyQyUyMmxvbmdpdHVkZSUyMiUzQS0xMDAuMzgzNzgyOSU3RA%3D%3D&q=Pizza,Petetes,https://www.ubereats.com/queretaro/food-delivery/petetes/MS70qxzTSoyH3HKoO3hsvQ,Petetes,null,null
1616368995-26,https://www.ubereats.com/search?pl=JTdCJTIyYWRkcmVzcyUyMiUzQSUyMlBhcnF1ZSUyMEFsYW1vcyUyMiUyQyUyMnJlZmVyZW5jZSUyMiUzQSUyMjNhYTQyNWJlLTBlYjEtNmU3Yi04ZjE2LTQ0NWEzYjEzZmI4NSUyMiUyQyUyMnJlZmVyZW5jZVR5cGUlMjIlM0ElMjJ1YmVyX3BsYWNlcyUyMiUyQyUyMmxhdGl0dWRlJTIyJTNBMjAuNjA4NDMxOCUyQyUyMmxvbmdpdHVkZSUyMiUzQS0xMDAuMzgzNzgyOSU3RA%3D%3D&q=Pizza,La Gauchita del Sur,https://www.ubereats.com/queretaro/food-delivery/la-gauchita-del-sur/J7an9pDlRg2vQXb9HN5EMg,La Gauchita del Sur,null,null
1616367861-8,https://www.ubereats.com/search?pl=JTdCJTIyYWRkcmVzcyUyMiUzQSUyMlBhcnF1ZSUyMEFsYW1vcyUyMiUyQyUyMnJlZmVyZW5jZSUyMiUzQSUyMjNhYTQyNWJlLTBlYjEtNmU3Yi04ZjE2LTQ0NWEzYjEzZmI4NSUyMiUyQyUyMnJlZmVyZW5jZVR5cGUlMjIlM0ElMjJ1YmVyX3BsYWNlcyUyMiUyQyUyMmxhdGl0dWRlJTIyJTNBMjAuNjA4NDMxOCUyQyUyMmxvbmdpdHVkZSUyMiUzQS0xMDAuMzgzNzgyOSU3RA%3D%3D&q=Pizza,Squisito pizza,https://www.ubereats.com/queretaro/food-delivery/squisito-pizza/9q0dbcfYSF6g6VaThop_Hw,Squisito pizza,null,null
1616368255-14,https://www.ubereats.com/search?pl=JTdCJTIyYWRkcmVzcyUyMiUzQSUyMlBhcnF1ZSUyMEFsYW1vcyUyMiUyQyUyMnJlZmVyZW5jZSUyMiUzQSUyMjNhYTQyNWJlLTBlYjEtNmU3Yi04ZjE2LTQ0NWEzYjEzZmI4NSUyMiUyQyUyMnJlZmVyZW5jZVR5cGUlMjIlM0ElMjJ1YmVyX3BsYWNlcyUyMiUyQyUyMmxhdGl0dWRlJTIyJTNBMjAuNjA4NDMxOCUyQyUyMmxvbmdpdHVkZSUyMiUzQS0xMDAuMzgzNzgyOSU3RA%3D%3D&q=Pizza,Capricho sin culpa Andador 58,https://www.ubereats.com/queretaro/food-delivery/capricho-sin-culpa-andador-58/h5z1T3sYR0yEoCfg1kRw-A,Capricho sin culpa Andador 58,null,(17)
1616367809-7,https://www.ubereats.com/search?pl=JTdCJTIyYWRkcmVzcyUyMiUzQSUyMlBhcnF1ZSUyMEFsYW1vcyUyMiUyQyUyMnJlZmVyZW5jZSUyMiUzQSUyMjNhYTQyNWJlLTBlYjEtNmU3Yi04ZjE2LTQ0NWEzYjEzZmI4NSUyMiUyQyUyMnJlZmVyZW5jZVR5cGUlMjIlM0ElMjJ1YmVyX3BsYWNlcyUyMiUyQyUyMmxhdGl0dWRlJTIyJTNBMjAuNjA4NDMxOCUyQyUyMmxvbmdpdHVkZSUyMiUzQS0xMDAuMzgzNzgyOSU3RA%3D%3D&q=Pizza,Promo Pizza Centro,https://www.ubereats.com/queretaro/food-delivery/promo-pizza-centro/gu6tmFJoTHy4z_MSgSSjdg,Promo Pizza Centro,null,null
