web-scraper-order,web-scraper-start-url,link,link-href,name,rating,evals
"1616368297-218","https://www.ubereats.com/search?pl=JTdCJTIyYWRkcmVzcyUyMiUzQSUyMkNlbnRybyUyMiUyQyUyMnJlZmVyZW5jZSUyMiUzQSUyMkNoSUp3UzJOa1NwYjA0VVJSUE5wVm9JX1p6VSUyMiUyQyUyMnJlZmVyZW5jZVR5cGUlMjIlM0ElMjJnb29nbGVfcGxhY2VzJTIyJTJDJTIybGF0aXR1ZGUlMjIlM0EyMC41OTMwNzclMkMlMjJsb25naXR1ZGUlMjIlM0EtMTAwLjM5MjQ3NSU3RA%3D%3D&q=pizza","Italianni's (Galerías Querétaro)","https://www.ubereats.com/queretaro/food-delivery/italiannis-galerias-queretaro/hV4aSpY-QEatebdNgfmZJg","Italianni's (Galerías Querétaro)","4.5","(151)"
"1616368063-192","https://www.ubereats.com/search?pl=JTdCJTIyYWRkcmVzcyUyMiUzQSUyMkNlbnRybyUyMiUyQyUyMnJlZmVyZW5jZSUyMiUzQSUyMkNoSUp3UzJOa1NwYjA0VVJSUE5wVm9JX1p6VSUyMiUyQyUyMnJlZmVyZW5jZVR5cGUlMjIlM0ElMjJnb29nbGVfcGxhY2VzJTIyJTJDJTIybGF0aXR1ZGUlMjIlM0EyMC41OTMwNzclMkMlMjJsb25naXR1ZGUlMjIlM0EtMTAwLjM5MjQ3NSU3RA%3D%3D&q=pizza","Strombolli ""Villas del parque""","https://www.ubereats.com/queretaro/food-delivery/strombolli-%22villas-del-parque%22/mnMrf5bNRmeHl0fLg34wEA","Strombolli ""Villas del parque""","null","null"
"1616368496-240","https://www.ubereats.com/search?pl=JTdCJTIyYWRkcmVzcyUyMiUzQSUyMkNlbnRybyUyMiUyQyUyMnJlZmVyZW5jZSUyMiUzQSUyMkNoSUp3UzJOa1NwYjA0VVJSUE5wVm9JX1p6VSUyMiUyQyUyMnJlZmVyZW5jZVR5cGUlMjIlM0ElMjJnb29nbGVfcGxhY2VzJTIyJTJDJTIybGF0aXR1ZGUlMjIlM0EyMC41OTMwNzclMkMlMjJsb25naXR1ZGUlMjIlM0EtMTAwLjM5MjQ3NSU3RA%3D%3D&q=pizza","Domino's Queretaro Centro","https://www.ubereats.com/queretaro/food-delivery/dominos-queretaro-centro/LfztXM1LTXeoFZMnvtR7Hg","Domino's Queretaro Centro","4.4","(34)"
"1616368197-207","https://www.ubereats.com/search?pl=JTdCJTIyYWRkcmVzcyUyMiUzQSUyMkNlbnRybyUyMiUyQyUyMnJlZmVyZW5jZSUyMiUzQSUyMkNoSUp3UzJOa1NwYjA0VVJSUE5wVm9JX1p6VSUyMiUyQyUyMnJlZmVyZW5jZVR5cGUlMjIlM0ElMjJnb29nbGVfcGxhY2VzJTIyJTJDJTIybGF0aXR1ZGUlMjIlM0EyMC41OTMwNzclMkMlMjJsb25naXR1ZGUlMjIlM0EtMTAwLjM5MjQ3NSU3RA%3D%3D&q=pizza","Alpaso Pizzeria","https://www.ubereats.com/queretaro/food-delivery/alpaso-pizzeria/R8MLpM_jS3uDjKLrhiB0pg","Alpaso Pizzeria","null","null"
"1616368487-239","https://www.ubereats.com/search?pl=JTdCJTIyYWRkcmVzcyUyMiUzQSUyMkNlbnRybyUyMiUyQyUyMnJlZmVyZW5jZSUyMiUzQSUyMkNoSUp3UzJOa1NwYjA0VVJSUE5wVm9JX1p6VSUyMiUyQyUyMnJlZmVyZW5jZVR5cGUlMjIlM0ElMjJnb29nbGVfcGxhY2VzJTIyJTJDJTIybGF0aXR1ZGUlMjIlM0EyMC41OTMwNzclMkMlMjJsb25naXR1ZGUlMjIlM0EtMTAwLjM5MjQ3NSU3RA%3D%3D&q=pizza","Pizza Hut Constituyentes","https://www.ubereats.com/queretaro/food-delivery/pizza-hut-constituyentes/eVWBArn0SPWrP-rCZj65wQ","Pizza Hut Constituyentes","4.6","null"
"1616368316-220","https://www.ubereats.com/search?pl=JTdCJTIyYWRkcmVzcyUyMiUzQSUyMkNlbnRybyUyMiUyQyUyMnJlZmVyZW5jZSUyMiUzQSUyMkNoSUp3UzJOa1NwYjA0VVJSUE5wVm9JX1p6VSUyMiUyQyUyMnJlZmVyZW5jZVR5cGUlMjIlM0ElMjJnb29nbGVfcGxhY2VzJTIyJTJDJTIybGF0aXR1ZGUlMjIlM0EyMC41OTMwNzclMkMlMjJsb25naXR1ZGUlMjIlM0EtMTAwLjM5MjQ3NSU3RA%3D%3D&q=pizza","Güero's Pizza","https://www.ubereats.com/queretaro/food-delivery/gueros-pizza/UerCRFXhQqqL0tsG8LQnhQ","Güero's Pizza","4.6","(42)"
"1616368188-206","https://www.ubereats.com/search?pl=JTdCJTIyYWRkcmVzcyUyMiUzQSUyMkNlbnRybyUyMiUyQyUyMnJlZmVyZW5jZSUyMiUzQSUyMkNoSUp3UzJOa1NwYjA0VVJSUE5wVm9JX1p6VSUyMiUyQyUyMnJlZmVyZW5jZVR5cGUlMjIlM0ElMjJnb29nbGVfcGxhY2VzJTIyJTJDJTIybGF0aXR1ZGUlMjIlM0EyMC41OTMwNzclMkMlMjJsb25naXR1ZGUlMjIlM0EtMTAwLjM5MjQ3NSU3RA%3D%3D&q=pizza","Manduka Restaurante","https://www.ubereats.com/queretaro/food-delivery/manduka-restaurante/RliM0mXpRp6FeZrRC1W_lw","Manduka Restaurante","4.6","(46)"
"1616368054-191","https://www.ubereats.com/search?pl=JTdCJTIyYWRkcmVzcyUyMiUzQSUyMkNlbnRybyUyMiUyQyUyMnJlZmVyZW5jZSUyMiUzQSUyMkNoSUp3UzJOa1NwYjA0VVJSUE5wVm9JX1p6VSUyMiUyQyUyMnJlZmVyZW5jZVR5cGUlMjIlM0ElMjJnb29nbGVfcGxhY2VzJTIyJTJDJTIybGF0aXR1ZGUlMjIlM0EyMC41OTMwNzclMkMlMjJsb25naXR1ZGUlMjIlM0EtMTAwLjM5MjQ3NSU3RA%3D%3D&q=pizza","El Barrio de la Bocha","https://www.ubereats.com/queretaro/food-delivery/el-barrio-de-la-bocha/MNeCUKQFRg6s_ZYgnVy2Tg","El Barrio de la Bocha","4.8","(63)"
"1616368360-225","https://www.ubereats.com/search?pl=JTdCJTIyYWRkcmVzcyUyMiUzQSUyMkNlbnRybyUyMiUyQyUyMnJlZmVyZW5jZSUyMiUzQSUyMkNoSUp3UzJOa1NwYjA0VVJSUE5wVm9JX1p6VSUyMiUyQyUyMnJlZmVyZW5jZVR5cGUlMjIlM0ElMjJnb29nbGVfcGxhY2VzJTIyJTJDJTIybGF0aXR1ZGUlMjIlM0EyMC41OTMwNzclMkMlMjJsb25naXR1ZGUlMjIlM0EtMTAwLjM5MjQ3NSU3RA%3D%3D&q=pizza","Boyo´s Pizza Centro","https://www.ubereats.com/queretaro/food-delivery/boyo-s-pizza-centro/d6EkoTtlTT2FpVRYg10ejA","Boyo´s Pizza Centro","4.8","(11)"
"1616368009-186","https://www.ubereats.com/search?pl=JTdCJTIyYWRkcmVzcyUyMiUzQSUyMkNlbnRybyUyMiUyQyUyMnJlZmVyZW5jZSUyMiUzQSUyMkNoSUp3UzJOa1NwYjA0VVJSUE5wVm9JX1p6VSUyMiUyQyUyMnJlZmVyZW5jZVR5cGUlMjIlM0ElMjJnb29nbGVfcGxhY2VzJTIyJTJDJTIybGF0aXR1ZGUlMjIlM0EyMC41OTMwNzclMkMlMjJsb25naXR1ZGUlMjIlM0EtMTAwLjM5MjQ3NSU3RA%3D%3D&q=pizza","Cheeseup pizza","https://www.ubereats.com/queretaro/food-delivery/cheeseup-pizza/IlopLeuDSVCieNpuD63wVw","Cheeseup pizza","null","null"
"1616367954-180","https://www.ubereats.com/search?pl=JTdCJTIyYWRkcmVzcyUyMiUzQSUyMkNlbnRybyUyMiUyQyUyMnJlZmVyZW5jZSUyMiUzQSUyMkNoSUp3UzJOa1NwYjA0VVJSUE5wVm9JX1p6VSUyMiUyQyUyMnJlZmVyZW5jZVR5cGUlMjIlM0ElMjJnb29nbGVfcGxhY2VzJTIyJTJDJTIybGF0aXR1ZGUlMjIlM0EyMC41OTMwNzclMkMlMjJsb25naXR1ZGUlMjIlM0EtMTAwLjM5MjQ3NSU3RA%3D%3D&q=pizza","USA WINGS QUERETARO HILVANA","https://www.ubereats.com/queretaro/food-delivery/usa-wings-queretaro-hilvana/XXt6QxavTVyysZEQulsrrw","USA WINGS QUERETARO HILVANA","null","null"
"1616368288-217","https://www.ubereats.com/search?pl=JTdCJTIyYWRkcmVzcyUyMiUzQSUyMkNlbnRybyUyMiUyQyUyMnJlZmVyZW5jZSUyMiUzQSUyMkNoSUp3UzJOa1NwYjA0VVJSUE5wVm9JX1p6VSUyMiUyQyUyMnJlZmVyZW5jZVR5cGUlMjIlM0ElMjJnb29nbGVfcGxhY2VzJTIyJTJDJTIybGF0aXR1ZGUlMjIlM0EyMC41OTMwNzclMkMlMjJsb25naXR1ZGUlMjIlM0EtMTAwLjM5MjQ3NSU3RA%3D%3D&q=pizza","Pizza Francia","https://www.ubereats.com/queretaro/food-delivery/pizza-francia/fPKWy0ATTSm9c63-2t8PCg","Pizza Francia","3.7","(27)"
"1616367973-182","https://www.ubereats.com/search?pl=JTdCJTIyYWRkcmVzcyUyMiUzQSUyMkNlbnRybyUyMiUyQyUyMnJlZmVyZW5jZSUyMiUzQSUyMkNoSUp3UzJOa1NwYjA0VVJSUE5wVm9JX1p6VSUyMiUyQyUyMnJlZmVyZW5jZVR5cGUlMjIlM0ElMjJnb29nbGVfcGxhY2VzJTIyJTJDJTIybGF0aXR1ZGUlMjIlM0EyMC41OTMwNzclMkMlMjJsb25naXR1ZGUlMjIlM0EtMTAwLjM5MjQ3NSU3RA%3D%3D&q=pizza","Taquería Chemao - Constituyentes","https://www.ubereats.com/queretaro/food-delivery/taqueria-chemao-constituyentes/N_SWpFAxSZ6IuuAyQyTn9A","Taquería Chemao - Constituyentes","4.5","(71)"
"1616367880-172","https://www.ubereats.com/search?pl=JTdCJTIyYWRkcmVzcyUyMiUzQSUyMkNlbnRybyUyMiUyQyUyMnJlZmVyZW5jZSUyMiUzQSUyMkNoSUp3UzJOa1NwYjA0VVJSUE5wVm9JX1p6VSUyMiUyQyUyMnJlZmVyZW5jZVR5cGUlMjIlM0ElMjJnb29nbGVfcGxhY2VzJTIyJTJDJTIybGF0aXR1ZGUlMjIlM0EyMC41OTMwNzclMkMlMjJsb25naXR1ZGUlMjIlM0EtMTAwLjM5MjQ3NSU3RA%3D%3D&q=pizza","Los Dogos (Puerta La Victoria)","https://www.ubereats.com/queretaro/food-delivery/los-dogos-puerta-la-victoria/nM_e3AhtTb6YbQCeSN5lVQ","Los Dogos (Puerta La Victoria)","null","null"
"1616368352-224","https://www.ubereats.com/search?pl=JTdCJTIyYWRkcmVzcyUyMiUzQSUyMkNlbnRybyUyMiUyQyUyMnJlZmVyZW5jZSUyMiUzQSUyMkNoSUp3UzJOa1NwYjA0VVJSUE5wVm9JX1p6VSUyMiUyQyUyMnJlZmVyZW5jZVR5cGUlMjIlM0ElMjJnb29nbGVfcGxhY2VzJTIyJTJDJTIybGF0aXR1ZGUlMjIlM0EyMC41OTMwNzclMkMlMjJsb25naXR1ZGUlMjIlM0EtMTAwLjM5MjQ3NSU3RA%3D%3D&q=pizza","""La Patrona"" Pizzas","https://www.ubereats.com/queretaro/food-delivery/%22la-patrona%22-pizzas/NRMquIBuRbOA5BKXrFJT5A","""La Patrona"" Pizzas","4.8","(91)"
"1616368370-226","https://www.ubereats.com/search?pl=JTdCJTIyYWRkcmVzcyUyMiUzQSUyMkNlbnRybyUyMiUyQyUyMnJlZmVyZW5jZSUyMiUzQSUyMkNoSUp3UzJOa1NwYjA0VVJSUE5wVm9JX1p6VSUyMiUyQyUyMnJlZmVyZW5jZVR5cGUlMjIlM0ElMjJnb29nbGVfcGxhY2VzJTIyJTJDJTIybGF0aXR1ZGUlMjIlM0EyMC41OTMwNzclMkMlMjJsb25naXR1ZGUlMjIlM0EtMTAwLjM5MjQ3NSU3RA%3D%3D&q=pizza","Bruno Cucina","https://www.ubereats.com/queretaro/food-delivery/bruno-cucina/7zTwotKsRsumkKcgaXuX9g","Bruno Cucina","4.8","(36)"
"1616368026-188","https://www.ubereats.com/search?pl=JTdCJTIyYWRkcmVzcyUyMiUzQSUyMkNlbnRybyUyMiUyQyUyMnJlZmVyZW5jZSUyMiUzQSUyMkNoSUp3UzJOa1NwYjA0VVJSUE5wVm9JX1p6VSUyMiUyQyUyMnJlZmVyZW5jZVR5cGUlMjIlM0ElMjJnb29nbGVfcGxhY2VzJTIyJTJDJTIybGF0aXR1ZGUlMjIlM0EyMC41OTMwNzclMkMlMjJsb25naXR1ZGUlMjIlM0EtMTAwLjM5MjQ3NSU3RA%3D%3D&q=pizza","Stromboli Pizzas","https://www.ubereats.com/queretaro/food-delivery/stromboli-pizzas/fGod1c2BTf-eXJrUNwV9wQ","Stromboli Pizzas","3.5","(20)"
"1616367789-162","https://www.ubereats.com/search?pl=JTdCJTIyYWRkcmVzcyUyMiUzQSUyMkNlbnRybyUyMiUyQyUyMnJlZmVyZW5jZSUyMiUzQSUyMkNoSUp3UzJOa1NwYjA0VVJSUE5wVm9JX1p6VSUyMiUyQyUyMnJlZmVyZW5jZVR5cGUlMjIlM0ElMjJnb29nbGVfcGxhY2VzJTIyJTJDJTIybGF0aXR1ZGUlMjIlM0EyMC41OTMwNzclMkMlMjJsb25naXR1ZGUlMjIlM0EtMTAwLjM5MjQ3NSU3RA%3D%3D&q=pizza","Burrito Anónimo (Villas Tecnológico)","https://www.ubereats.com/queretaro/food-delivery/burrito-anonimo-villas-tecnologico/dAHyR-FxRrO8uNDptc10Ww","Burrito Anónimo (Villas Tecnológico)","4.6","(54)"
"1616368224-210","https://www.ubereats.com/search?pl=JTdCJTIyYWRkcmVzcyUyMiUzQSUyMkNlbnRybyUyMiUyQyUyMnJlZmVyZW5jZSUyMiUzQSUyMkNoSUp3UzJOa1NwYjA0VVJSUE5wVm9JX1p6VSUyMiUyQyUyMnJlZmVyZW5jZVR5cGUlMjIlM0ElMjJnb29nbGVfcGxhY2VzJTIyJTJDJTIybGF0aXR1ZGUlMjIlM0EyMC41OTMwNzclMkMlMjJsb25naXR1ZGUlMjIlM0EtMTAwLjM5MjQ3NSU3RA%3D%3D&q=pizza","Ristorante Italiano Brancacci","https://www.ubereats.com/queretaro/food-delivery/ristorante-italiano-brancacci/oDe31mrrRuCEddN7IsniQQ","Ristorante Italiano Brancacci","null","null"
"1616368469-237","https://www.ubereats.com/search?pl=JTdCJTIyYWRkcmVzcyUyMiUzQSUyMkNlbnRybyUyMiUyQyUyMnJlZmVyZW5jZSUyMiUzQSUyMkNoSUp3UzJOa1NwYjA0VVJSUE5wVm9JX1p6VSUyMiUyQyUyMnJlZmVyZW5jZVR5cGUlMjIlM0ElMjJnb29nbGVfcGxhY2VzJTIyJTJDJTIybGF0aXR1ZGUlMjIlM0EyMC41OTMwNzclMkMlMjJsb25naXR1ZGUlMjIlM0EtMTAwLjM5MjQ3NSU3RA%3D%3D&q=pizza","Napoli Pizza","https://www.ubereats.com/queretaro/food-delivery/napoli-pizza/NSJHs8AjRGuIXQWH7ulUgw","Napoli Pizza","4.7","(208)"
"1616368116-198","https://www.ubereats.com/search?pl=JTdCJTIyYWRkcmVzcyUyMiUzQSUyMkNlbnRybyUyMiUyQyUyMnJlZmVyZW5jZSUyMiUzQSUyMkNoSUp3UzJOa1NwYjA0VVJSUE5wVm9JX1p6VSUyMiUyQyUyMnJlZmVyZW5jZVR5cGUlMjIlM0ElMjJnb29nbGVfcGxhY2VzJTIyJTJDJTIybGF0aXR1ZGUlMjIlM0EyMC41OTMwNzclMkMlMjJsb25naXR1ZGUlMjIlM0EtMTAwLjM5MjQ3NSU3RA%3D%3D&q=pizza","Pick-Za","https://www.ubereats.com/queretaro/food-delivery/pick-za/Ll5ZhA3lR2KYWV-aEKQUbw","Pick-Za","null","null"
"1616368125-199","https://www.ubereats.com/search?pl=JTdCJTIyYWRkcmVzcyUyMiUzQSUyMkNlbnRybyUyMiUyQyUyMnJlZmVyZW5jZSUyMiUzQSUyMkNoSUp3UzJOa1NwYjA0VVJSUE5wVm9JX1p6VSUyMiUyQyUyMnJlZmVyZW5jZVR5cGUlMjIlM0ElMjJnb29nbGVfcGxhY2VzJTIyJTJDJTIybGF0aXR1ZGUlMjIlM0EyMC41OTMwNzclMkMlMjJsb25naXR1ZGUlMjIlM0EtMTAwLjM5MjQ3NSU3RA%3D%3D&q=pizza","La Pizzoleta","https://www.ubereats.com/queretaro/food-delivery/la-pizzoleta/W-2tuQBNQUekvKjoo48KhQ","La Pizzoleta","null","null"
"1616368045-190","https://www.ubereats.com/search?pl=JTdCJTIyYWRkcmVzcyUyMiUzQSUyMkNlbnRybyUyMiUyQyUyMnJlZmVyZW5jZSUyMiUzQSUyMkNoSUp3UzJOa1NwYjA0VVJSUE5wVm9JX1p6VSUyMiUyQyUyMnJlZmVyZW5jZVR5cGUlMjIlM0ElMjJnb29nbGVfcGxhY2VzJTIyJTJDJTIybGF0aXR1ZGUlMjIlM0EyMC41OTMwNzclMkMlMjJsb25naXR1ZGUlMjIlM0EtMTAwLjM5MjQ3NSU3RA%3D%3D&q=pizza","Gabo´s Pizza & Grill (Popocatépetl)","https://www.ubereats.com/queretaro/food-delivery/gabo-s-pizza-%26-grill-popocatepetl/HeW5I9_rTo-XJPSXnbYdhQ","Gabo´s Pizza & Grill (Popocatépetl)","null","null"
"1616368206-208","https://www.ubereats.com/search?pl=JTdCJTIyYWRkcmVzcyUyMiUzQSUyMkNlbnRybyUyMiUyQyUyMnJlZmVyZW5jZSUyMiUzQSUyMkNoSUp3UzJOa1NwYjA0VVJSUE5wVm9JX1p6VSUyMiUyQyUyMnJlZmVyZW5jZVR5cGUlMjIlM0ElMjJnb29nbGVfcGxhY2VzJTIyJTJDJTIybGF0aXR1ZGUlMjIlM0EyMC41OTMwNzclMkMlMjJsb25naXR1ZGUlMjIlM0EtMTAwLjM5MjQ3NSU3RA%3D%3D&q=pizza","Olive Garden Querétaro","https://www.ubereats.com/queretaro/food-delivery/olive-garden-queretaro/wzdHh3wDSC-zqOv8LqZ2jg","Olive Garden Querétaro","4.5","(175)"
"1616368325-221","https://www.ubereats.com/search?pl=JTdCJTIyYWRkcmVzcyUyMiUzQSUyMkNlbnRybyUyMiUyQyUyMnJlZmVyZW5jZSUyMiUzQSUyMkNoSUp3UzJOa1NwYjA0VVJSUE5wVm9JX1p6VSUyMiUyQyUyMnJlZmVyZW5jZVR5cGUlMjIlM0ElMjJnb29nbGVfcGxhY2VzJTIyJTJDJTIybGF0aXR1ZGUlMjIlM0EyMC41OTMwNzclMkMlMjJsb25naXR1ZGUlMjIlM0EtMTAwLjM5MjQ3NSU3RA%3D%3D&q=pizza","Aldo´s Pizza El Marqués","https://www.ubereats.com/queretaro/food-delivery/aldo-s-pizza-el-marques/sWXu1zF2SSiqjFg8TEmQbw","Aldo´s Pizza El Marqués","4.6","(51)"
"1616368242-212","https://www.ubereats.com/search?pl=JTdCJTIyYWRkcmVzcyUyMiUzQSUyMkNlbnRybyUyMiUyQyUyMnJlZmVyZW5jZSUyMiUzQSUyMkNoSUp3UzJOa1NwYjA0VVJSUE5wVm9JX1p6VSUyMiUyQyUyMnJlZmVyZW5jZVR5cGUlMjIlM0ElMjJnb29nbGVfcGxhY2VzJTIyJTJDJTIybGF0aXR1ZGUlMjIlM0EyMC41OTMwNzclMkMlMjJsb25naXR1ZGUlMjIlM0EtMTAwLjM5MjQ3NSU3RA%3D%3D&q=pizza","MAMBA Pizza Co. (Pie de la Cuesta)","https://www.ubereats.com/queretaro/food-delivery/mamba-pizza-co-pie-de-la-cuesta/Vm37QubRTXeG1oIlKOauHg","MAMBA Pizza Co. (Pie de la Cuesta)","4.7","(28)"
"1616367807-164","https://www.ubereats.com/search?pl=JTdCJTIyYWRkcmVzcyUyMiUzQSUyMkNlbnRybyUyMiUyQyUyMnJlZmVyZW5jZSUyMiUzQSUyMkNoSUp3UzJOa1NwYjA0VVJSUE5wVm9JX1p6VSUyMiUyQyUyMnJlZmVyZW5jZVR5cGUlMjIlM0ElMjJnb29nbGVfcGxhY2VzJTIyJTJDJTIybGF0aXR1ZGUlMjIlM0EyMC41OTMwNzclMkMlMjJsb25naXR1ZGUlMjIlM0EtMTAwLjM5MjQ3NSU3RA%3D%3D&q=pizza","Manceba","https://www.ubereats.com/queretaro/food-delivery/manceba/_NFVvHTlT5qu689d_MxqJw","Manceba","null","null"
"1616368170-204","https://www.ubereats.com/search?pl=JTdCJTIyYWRkcmVzcyUyMiUzQSUyMkNlbnRybyUyMiUyQyUyMnJlZmVyZW5jZSUyMiUzQSUyMkNoSUp3UzJOa1NwYjA0VVJSUE5wVm9JX1p6VSUyMiUyQyUyMnJlZmVyZW5jZVR5cGUlMjIlM0ElMjJnb29nbGVfcGxhY2VzJTIyJTJDJTIybGF0aXR1ZGUlMjIlM0EyMC41OTMwNzclMkMlMjJsb25naXR1ZGUlMjIlM0EtMTAwLjM5MjQ3NSU3RA%3D%3D&q=pizza","La Santa Pizza ""Villas del Parque""","https://www.ubereats.com/queretaro/food-delivery/la-santa-pizza-%22villas-del-parque%22/1nXou-xtT9251UGWjHZs3g","La Santa Pizza ""Villas del Parque""","null","null"
"1616367871-171","https://www.ubereats.com/search?pl=JTdCJTIyYWRkcmVzcyUyMiUzQSUyMkNlbnRybyUyMiUyQyUyMnJlZmVyZW5jZSUyMiUzQSUyMkNoSUp3UzJOa1NwYjA0VVJSUE5wVm9JX1p6VSUyMiUyQyUyMnJlZmVyZW5jZVR5cGUlMjIlM0ElMjJnb29nbGVfcGxhY2VzJTIyJTJDJTIybGF0aXR1ZGUlMjIlM0EyMC41OTMwNzclMkMlMjJsb25naXR1ZGUlMjIlM0EtMTAwLjM5MjQ3NSU3RA%3D%3D&q=pizza","Lecaroz (QUERETARO)","https://www.ubereats.com/queretaro/food-delivery/lecaroz-queretaro/YFKP1vC-RT6HLQ4PBScfBQ","Lecaroz (QUERETARO)","4.6","(268)"
"1616367816-165","https://www.ubereats.com/search?pl=JTdCJTIyYWRkcmVzcyUyMiUzQSUyMkNlbnRybyUyMiUyQyUyMnJlZmVyZW5jZSUyMiUzQSUyMkNoSUp3UzJOa1NwYjA0VVJSUE5wVm9JX1p6VSUyMiUyQyUyMnJlZmVyZW5jZVR5cGUlMjIlM0ElMjJnb29nbGVfcGxhY2VzJTIyJTJDJTIybGF0aXR1ZGUlMjIlM0EyMC41OTMwNzclMkMlMjJsb25naXR1ZGUlMjIlM0EtMTAwLjM5MjQ3NSU3RA%3D%3D&q=pizza","Diktatur (Universidad)","https://www.ubereats.com/queretaro/food-delivery/diktatur-universidad/RjCoPqywRi66eazWhjAKrg","Diktatur (Universidad)","null","null"
"1616367918-176","https://www.ubereats.com/search?pl=JTdCJTIyYWRkcmVzcyUyMiUzQSUyMkNlbnRybyUyMiUyQyUyMnJlZmVyZW5jZSUyMiUzQSUyMkNoSUp3UzJOa1NwYjA0VVJSUE5wVm9JX1p6VSUyMiUyQyUyMnJlZmVyZW5jZVR5cGUlMjIlM0ElMjJnb29nbGVfcGxhY2VzJTIyJTJDJTIybGF0aXR1ZGUlMjIlM0EyMC41OTMwNzclMkMlMjJsb25naXR1ZGUlMjIlM0EtMTAwLjM5MjQ3NSU3RA%3D%3D&q=pizza","Petetes","https://www.ubereats.com/queretaro/food-delivery/petetes/MS70qxzTSoyH3HKoO3hsvQ","Petetes","null","null"
"1616368461-236","https://www.ubereats.com/search?pl=JTdCJTIyYWRkcmVzcyUyMiUzQSUyMkNlbnRybyUyMiUyQyUyMnJlZmVyZW5jZSUyMiUzQSUyMkNoSUp3UzJOa1NwYjA0VVJSUE5wVm9JX1p6VSUyMiUyQyUyMnJlZmVyZW5jZVR5cGUlMjIlM0ElMjJnb29nbGVfcGxhY2VzJTIyJTJDJTIybGF0aXR1ZGUlMjIlM0EyMC41OTMwNzclMkMlMjJsb25naXR1ZGUlMjIlM0EtMTAwLjM5MjQ3NSU3RA%3D%3D&q=pizza","Pizzeta (Corregidora Centro)","https://www.ubereats.com/queretaro/food-delivery/pizzeta-corregidora-centro/ZxHMLmxhSBas0O_-LMAPZA","Pizzeta (Corregidora Centro)","4.3","(59)"
"1616368152-202","https://www.ubereats.com/search?pl=JTdCJTIyYWRkcmVzcyUyMiUzQSUyMkNlbnRybyUyMiUyQyUyMnJlZmVyZW5jZSUyMiUzQSUyMkNoSUp3UzJOa1NwYjA0VVJSUE5wVm9JX1p6VSUyMiUyQyUyMnJlZmVyZW5jZVR5cGUlMjIlM0ElMjJnb29nbGVfcGxhY2VzJTIyJTJDJTIybGF0aXR1ZGUlMjIlM0EyMC41OTMwNzclMkMlMjJsb25naXR1ZGUlMjIlM0EtMTAwLjM5MjQ3NSU3RA%3D%3D&q=pizza","Che-Chelas","https://www.ubereats.com/queretaro/food-delivery/che-chelas/Ha5PubCKQF2NkheuISDSmQ","Che-Chelas","4.3","(46)"
"1616368433-233","https://www.ubereats.com/search?pl=JTdCJTIyYWRkcmVzcyUyMiUzQSUyMkNlbnRybyUyMiUyQyUyMnJlZmVyZW5jZSUyMiUzQSUyMkNoSUp3UzJOa1NwYjA0VVJSUE5wVm9JX1p6VSUyMiUyQyUyMnJlZmVyZW5jZVR5cGUlMjIlM0ElMjJnb29nbGVfcGxhY2VzJTIyJTJDJTIybGF0aXR1ZGUlMjIlM0EyMC41OTMwNzclMkMlMjJsb25naXR1ZGUlMjIlM0EtMTAwLjM5MjQ3NSU3RA%3D%3D&q=pizza","Papa John's Pizza Jardines","https://www.ubereats.com/queretaro/food-delivery/papa-johns-pizza-jardines/GKrWrRXvSl-OaPFTmYq6xg","Papa John's Pizza Jardines","4.8","(159)"
"1616368424-232","https://www.ubereats.com/search?pl=JTdCJTIyYWRkcmVzcyUyMiUzQSUyMkNlbnRybyUyMiUyQyUyMnJlZmVyZW5jZSUyMiUzQSUyMkNoSUp3UzJOa1NwYjA0VVJSUE5wVm9JX1p6VSUyMiUyQyUyMnJlZmVyZW5jZVR5cGUlMjIlM0ElMjJnb29nbGVfcGxhY2VzJTIyJTJDJTIybGF0aXR1ZGUlMjIlM0EyMC41OTMwNzclMkMlMjJsb25naXR1ZGUlMjIlM0EtMTAwLjM5MjQ3NSU3RA%3D%3D&q=pizza","Zapata Pizzas Centro","https://www.ubereats.com/queretaro/food-delivery/zapata-pizzas-centro/glttnSwwS4uhHrjsRN3Wbw","Zapata Pizzas Centro","4.7","(96)"
"1616368233-211","https://www.ubereats.com/search?pl=JTdCJTIyYWRkcmVzcyUyMiUzQSUyMkNlbnRybyUyMiUyQyUyMnJlZmVyZW5jZSUyMiUzQSUyMkNoSUp3UzJOa1NwYjA0VVJSUE5wVm9JX1p6VSUyMiUyQyUyMnJlZmVyZW5jZVR5cGUlMjIlM0ElMjJnb29nbGVfcGxhY2VzJTIyJTJDJTIybGF0aXR1ZGUlMjIlM0EyMC41OTMwNzclMkMlMjJsb25naXR1ZGUlMjIlM0EtMTAwLjM5MjQ3NSU3RA%3D%3D&q=pizza","Rayuela Pizzas","https://www.ubereats.com/queretaro/food-delivery/rayuela-pizzas/HJoo9WXOR_2TfvNbiplPsQ","Rayuela Pizzas","4.9","(44)"
"1616368388-228","https://www.ubereats.com/search?pl=JTdCJTIyYWRkcmVzcyUyMiUzQSUyMkNlbnRybyUyMiUyQyUyMnJlZmVyZW5jZSUyMiUzQSUyMkNoSUp3UzJOa1NwYjA0VVJSUE5wVm9JX1p6VSUyMiUyQyUyMnJlZmVyZW5jZVR5cGUlMjIlM0ElMjJnb29nbGVfcGxhY2VzJTIyJTJDJTIybGF0aXR1ZGUlMjIlM0EyMC41OTMwNzclMkMlMjJsb25naXR1ZGUlMjIlM0EtMTAwLjM5MjQ3NSU3RA%3D%3D&q=pizza","Fiume 37","https://www.ubereats.com/queretaro/food-delivery/fiume-37/a9YdWM1oR4mF6G_xL_RJwg","Fiume 37","4.7","(22)"
"1616367936-178","https://www.ubereats.com/search?pl=JTdCJTIyYWRkcmVzcyUyMiUzQSUyMkNlbnRybyUyMiUyQyUyMnJlZmVyZW5jZSUyMiUzQSUyMkNoSUp3UzJOa1NwYjA0VVJSUE5wVm9JX1p6VSUyMiUyQyUyMnJlZmVyZW5jZVR5cGUlMjIlM0ElMjJnb29nbGVfcGxhY2VzJTIyJTJDJTIybGF0aXR1ZGUlMjIlM0EyMC41OTMwNzclMkMlMjJsb25naXR1ZGUlMjIlM0EtMTAwLjM5MjQ3NSU3RA%3D%3D&q=pizza","""Happy Box"" Cajas de Alitas y Snaks","https://www.ubereats.com/queretaro/food-delivery/%22happy-box%22-cajas-de-alitas-y-snaks/GVJhSziTQL6o-vMpS9fOyg","""Happy Box"" Cajas de Alitas y Snaks","4.5","(46)"
"1616367982-183","https://www.ubereats.com/search?pl=JTdCJTIyYWRkcmVzcyUyMiUzQSUyMkNlbnRybyUyMiUyQyUyMnJlZmVyZW5jZSUyMiUzQSUyMkNoSUp3UzJOa1NwYjA0VVJSUE5wVm9JX1p6VSUyMiUyQyUyMnJlZmVyZW5jZVR5cGUlMjIlM0ElMjJnb29nbGVfcGxhY2VzJTIyJTJDJTIybGF0aXR1ZGUlMjIlM0EyMC41OTMwNzclMkMlMjJsb25naXR1ZGUlMjIlM0EtMTAwLjM5MjQ3NSU3RA%3D%3D&q=pizza","Sushi Roll (Punta Victoria)","https://www.ubereats.com/queretaro/food-delivery/sushi-roll-punta-victoria/XdM5hCg_RNaZurEb4laKXA","Sushi Roll (Punta Victoria)","4.8","null"
"1616367779-161","https://www.ubereats.com/search?pl=JTdCJTIyYWRkcmVzcyUyMiUzQSUyMkNlbnRybyUyMiUyQyUyMnJlZmVyZW5jZSUyMiUzQSUyMkNoSUp3UzJOa1NwYjA0VVJSUE5wVm9JX1p6VSUyMiUyQyUyMnJlZmVyZW5jZVR5cGUlMjIlM0ElMjJnb29nbGVfcGxhY2VzJTIyJTJDJTIybGF0aXR1ZGUlMjIlM0EyMC41OTMwNzclMkMlMjJsb25naXR1ZGUlMjIlM0EtMTAwLjM5MjQ3NSU3RA%3D%3D&q=pizza","La Campana","https://www.ubereats.com/queretaro/food-delivery/la-campana/lKJuCgE5TZuyJm8Tzt6D5A","La Campana","4.7","(12)"
"1616368072-193","https://www.ubereats.com/search?pl=JTdCJTIyYWRkcmVzcyUyMiUzQSUyMkNlbnRybyUyMiUyQyUyMnJlZmVyZW5jZSUyMiUzQSUyMkNoSUp3UzJOa1NwYjA0VVJSUE5wVm9JX1p6VSUyMiUyQyUyMnJlZmVyZW5jZVR5cGUlMjIlM0ElMjJnb29nbGVfcGxhY2VzJTIyJTJDJTIybGF0aXR1ZGUlMjIlM0EyMC41OTMwNzclMkMlMjJsb25naXR1ZGUlMjIlM0EtMTAwLjM5MjQ3NSU3RA%3D%3D&q=pizza","Los Dogos Originales Jardines","https://www.ubereats.com/queretaro/food-delivery/los-dogos-originales-jardines/Ogd6nVGJRaa2kZb9M1qXvg","Los Dogos Originales Jardines","4.6","(129)"
"1616368134-200","https://www.ubereats.com/search?pl=JTdCJTIyYWRkcmVzcyUyMiUzQSUyMkNlbnRybyUyMiUyQyUyMnJlZmVyZW5jZSUyMiUzQSUyMkNoSUp3UzJOa1NwYjA0VVJSUE5wVm9JX1p6VSUyMiUyQyUyMnJlZmVyZW5jZVR5cGUlMjIlM0ElMjJnb29nbGVfcGxhY2VzJTIyJTJDJTIybGF0aXR1ZGUlMjIlM0EyMC41OTMwNzclMkMlMjJsb25naXR1ZGUlMjIlM0EtMTAwLjM5MjQ3NSU3RA%3D%3D&q=pizza","La Marmota Cimatario","https://www.ubereats.com/queretaro/food-delivery/la-marmota-cimatario/E3XUH7QpRbyJuvP4FVX8Vw","La Marmota Cimatario","4.8","(171)"
"1616367908-175","https://www.ubereats.com/search?pl=JTdCJTIyYWRkcmVzcyUyMiUzQSUyMkNlbnRybyUyMiUyQyUyMnJlZmVyZW5jZSUyMiUzQSUyMkNoSUp3UzJOa1NwYjA0VVJSUE5wVm9JX1p6VSUyMiUyQyUyMnJlZmVyZW5jZVR5cGUlMjIlM0ElMjJnb29nbGVfcGxhY2VzJTIyJTJDJTIybGF0aXR1ZGUlMjIlM0EyMC41OTMwNzclMkMlMjJsb25naXR1ZGUlMjIlM0EtMTAwLjM5MjQ3NSU3RA%3D%3D&q=pizza","Rocketto Quintana","https://www.ubereats.com/queretaro/food-delivery/rocketto-quintana/ZsbasKYGQKeBFV1kp72ztg","Rocketto Quintana","4.6","(85)"
"1616367862-170","https://www.ubereats.com/search?pl=JTdCJTIyYWRkcmVzcyUyMiUzQSUyMkNlbnRybyUyMiUyQyUyMnJlZmVyZW5jZSUyMiUzQSUyMkNoSUp3UzJOa1NwYjA0VVJSUE5wVm9JX1p6VSUyMiUyQyUyMnJlZmVyZW5jZVR5cGUlMjIlM0ElMjJnb29nbGVfcGxhY2VzJTIyJTJDJTIybGF0aXR1ZGUlMjIlM0EyMC41OTMwNzclMkMlMjJsb25naXR1ZGUlMjIlM0EtMTAwLjM5MjQ3NSU3RA%3D%3D&q=pizza","Ketomorfosis","https://www.ubereats.com/queretaro/food-delivery/ketomorfosis/_IHISxuiTxqUs2vEp3RKaw","Ketomorfosis","4.1","(15)"
"1616368451-235","https://www.ubereats.com/search?pl=JTdCJTIyYWRkcmVzcyUyMiUzQSUyMkNlbnRybyUyMiUyQyUyMnJlZmVyZW5jZSUyMiUzQSUyMkNoSUp3UzJOa1NwYjA0VVJSUE5wVm9JX1p6VSUyMiUyQyUyMnJlZmVyZW5jZVR5cGUlMjIlM0ElMjJnb29nbGVfcGxhY2VzJTIyJTJDJTIybGF0aXR1ZGUlMjIlM0EyMC41OTMwNzclMkMlMjJsb25naXR1ZGUlMjIlM0EtMTAwLjM5MjQ3NSU3RA%3D%3D&q=pizza","Boyos Pizza","https://www.ubereats.com/queretaro/food-delivery/boyos-pizza/K5QjEWV4R5q_biLz5EvNgg","Boyos Pizza","4.7","(457)"
"1616367900-174","https://www.ubereats.com/search?pl=JTdCJTIyYWRkcmVzcyUyMiUzQSUyMkNlbnRybyUyMiUyQyUyMnJlZmVyZW5jZSUyMiUzQSUyMkNoSUp3UzJOa1NwYjA0VVJSUE5wVm9JX1p6VSUyMiUyQyUyMnJlZmVyZW5jZVR5cGUlMjIlM0ElMjJnb29nbGVfcGxhY2VzJTIyJTJDJTIybGF0aXR1ZGUlMjIlM0EyMC41OTMwNzclMkMlMjJsb25naXR1ZGUlMjIlM0EtMTAwLjM5MjQ3NSU3RA%3D%3D&q=pizza","Nuriko Sushi Express Tecnológico","https://www.ubereats.com/queretaro/food-delivery/nuriko-sushi-express-tecnologico/Uvb_jxKjSHGG49P1dapxGw","Nuriko Sushi Express Tecnológico","4.6","(107)"
"1616368081-194","https://www.ubereats.com/search?pl=JTdCJTIyYWRkcmVzcyUyMiUzQSUyMkNlbnRybyUyMiUyQyUyMnJlZmVyZW5jZSUyMiUzQSUyMkNoSUp3UzJOa1NwYjA0VVJSUE5wVm9JX1p6VSUyMiUyQyUyMnJlZmVyZW5jZVR5cGUlMjIlM0ElMjJnb29nbGVfcGxhY2VzJTIyJTJDJTIybGF0aXR1ZGUlMjIlM0EyMC41OTMwNzclMkMlMjJsb25naXR1ZGUlMjIlM0EtMTAwLjM5MjQ3NSU3RA%3D%3D&q=pizza","Cheese Up Pizza (Centro)","https://www.ubereats.com/queretaro/food-delivery/cheese-up-pizza-centro/9HnMos-RR-C2YCFA-F4YDQ","Cheese Up Pizza (Centro)","null","null"
"1616368342-223","https://www.ubereats.com/search?pl=JTdCJTIyYWRkcmVzcyUyMiUzQSUyMkNlbnRybyUyMiUyQyUyMnJlZmVyZW5jZSUyMiUzQSUyMkNoSUp3UzJOa1NwYjA0VVJSUE5wVm9JX1p6VSUyMiUyQyUyMnJlZmVyZW5jZVR5cGUlMjIlM0ElMjJnb29nbGVfcGxhY2VzJTIyJTJDJTIybGF0aXR1ZGUlMjIlM0EyMC41OTMwNzclMkMlMjJsb25naXR1ZGUlMjIlM0EtMTAwLjM5MjQ3NSU3RA%3D%3D&q=pizza","La Piccola Trattoria Querétaro","https://www.ubereats.com/queretaro/food-delivery/la-piccola-trattoria-queretaro/egsMmgBRTaW6D30NoPXygA","La Piccola Trattoria Querétaro","3.5","(31)"
"1616367991-184","https://www.ubereats.com/search?pl=JTdCJTIyYWRkcmVzcyUyMiUzQSUyMkNlbnRybyUyMiUyQyUyMnJlZmVyZW5jZSUyMiUzQSUyMkNoSUp3UzJOa1NwYjA0VVJSUE5wVm9JX1p6VSUyMiUyQyUyMnJlZmVyZW5jZVR5cGUlMjIlM0ElMjJnb29nbGVfcGxhY2VzJTIyJTJDJTIybGF0aXR1ZGUlMjIlM0EyMC41OTMwNzclMkMlMjJsb25naXR1ZGUlMjIlM0EtMTAwLjM5MjQ3NSU3RA%3D%3D&q=pizza","Diktatur (Guerrero)","https://www.ubereats.com/queretaro/food-delivery/diktatur-guerrero/ivTf6xgFREGG2-6B2HmRSg","Diktatur (Guerrero)","null","null"
"1616368036-189","https://www.ubereats.com/search?pl=JTdCJTIyYWRkcmVzcyUyMiUzQSUyMkNlbnRybyUyMiUyQyUyMnJlZmVyZW5jZSUyMiUzQSUyMkNoSUp3UzJOa1NwYjA0VVJSUE5wVm9JX1p6VSUyMiUyQyUyMnJlZmVyZW5jZVR5cGUlMjIlM0ElMjJnb29nbGVfcGxhY2VzJTIyJTJDJTIybGF0aXR1ZGUlMjIlM0EyMC41OTMwNzclMkMlMjJsb25naXR1ZGUlMjIlM0EtMTAwLjM5MjQ3NSU3RA%3D%3D&q=pizza","Mr. Brown (Plaza Esfera)","https://www.ubereats.com/queretaro/food-delivery/mr-brown-plaza-esfera/T8bal22QShavacmBiG-Eqg","Mr. Brown (Plaza Esfera)","4.4","(19)"
"1616368397-229","https://www.ubereats.com/search?pl=JTdCJTIyYWRkcmVzcyUyMiUzQSUyMkNlbnRybyUyMiUyQyUyMnJlZmVyZW5jZSUyMiUzQSUyMkNoSUp3UzJOa1NwYjA0VVJSUE5wVm9JX1p6VSUyMiUyQyUyMnJlZmVyZW5jZVR5cGUlMjIlM0ElMjJnb29nbGVfcGxhY2VzJTIyJTJDJTIybGF0aXR1ZGUlMjIlM0EyMC41OTMwNzclMkMlMjJsb25naXR1ZGUlMjIlM0EtMTAwLjM5MjQ3NSU3RA%3D%3D&q=pizza","Pizzería Alto Horno","https://www.ubereats.com/queretaro/food-delivery/pizzeria-alto-horno/FoDANpwWS5mRKAzqOKeKkA","Pizzería Alto Horno","3.9","(37)"
"1616367825-166","https://www.ubereats.com/search?pl=JTdCJTIyYWRkcmVzcyUyMiUzQSUyMkNlbnRybyUyMiUyQyUyMnJlZmVyZW5jZSUyMiUzQSUyMkNoSUp3UzJOa1NwYjA0VVJSUE5wVm9JX1p6VSUyMiUyQyUyMnJlZmVyZW5jZVR5cGUlMjIlM0ElMjJnb29nbGVfcGxhY2VzJTIyJTJDJTIybGF0aXR1ZGUlMjIlM0EyMC41OTMwNzclMkMlMjJsb25naXR1ZGUlMjIlM0EtMTAwLjM5MjQ3NSU3RA%3D%3D&q=pizza","Pepe Pastes Universidad","https://www.ubereats.com/queretaro/food-delivery/pepe-pastes-universidad/XPs05X-_R6et_-uWL_563w","Pepe Pastes Universidad","4.8","(31)"
"1616367927-177","https://www.ubereats.com/search?pl=JTdCJTIyYWRkcmVzcyUyMiUzQSUyMkNlbnRybyUyMiUyQyUyMnJlZmVyZW5jZSUyMiUzQSUyMkNoSUp3UzJOa1NwYjA0VVJSUE5wVm9JX1p6VSUyMiUyQyUyMnJlZmVyZW5jZVR5cGUlMjIlM0ElMjJnb29nbGVfcGxhY2VzJTIyJTJDJTIybGF0aXR1ZGUlMjIlM0EyMC41OTMwNzclMkMlMjJsb25naXR1ZGUlMjIlM0EtMTAwLjM5MjQ3NSU3RA%3D%3D&q=pizza","Los Hijos del Che (Galindas)","https://www.ubereats.com/queretaro/food-delivery/los-hijos-del-che-galindas/cbjavEBUS_ac6QqCTx8OOA","Los Hijos del Che (Galindas)","4.8","(104)"
"1616368406-230","https://www.ubereats.com/search?pl=JTdCJTIyYWRkcmVzcyUyMiUzQSUyMkNlbnRybyUyMiUyQyUyMnJlZmVyZW5jZSUyMiUzQSUyMkNoSUp3UzJOa1NwYjA0VVJSUE5wVm9JX1p6VSUyMiUyQyUyMnJlZmVyZW5jZVR5cGUlMjIlM0ElMjJnb29nbGVfcGxhY2VzJTIyJTJDJTIybGF0aXR1ZGUlMjIlM0EyMC41OTMwNzclMkMlMjJsb25naXR1ZGUlMjIlM0EtMTAwLjM5MjQ3NSU3RA%3D%3D&q=pizza","Tonino's (Plaza del Parque)","https://www.ubereats.com/queretaro/food-delivery/toninos-plaza-del-parque/TKXFd9EESmm75uOjIiWUcQ","Tonino's (Plaza del Parque)","4.7","(135)"
"1616368000-185","https://www.ubereats.com/search?pl=JTdCJTIyYWRkcmVzcyUyMiUzQSUyMkNlbnRybyUyMiUyQyUyMnJlZmVyZW5jZSUyMiUzQSUyMkNoSUp3UzJOa1NwYjA0VVJSUE5wVm9JX1p6VSUyMiUyQyUyMnJlZmVyZW5jZVR5cGUlMjIlM0ElMjJnb29nbGVfcGxhY2VzJTIyJTJDJTIybGF0aXR1ZGUlMjIlM0EyMC41OTMwNzclMkMlMjJsb25naXR1ZGUlMjIlM0EtMTAwLjM5MjQ3NSU3RA%3D%3D&q=pizza","Pepepastes (Centro)","https://www.ubereats.com/queretaro/food-delivery/pepepastes-centro/eZiHAShXRmuqvxDYL5vRWw","Pepepastes (Centro)","4.4","(41)"
"1616368270-215","https://www.ubereats.com/search?pl=JTdCJTIyYWRkcmVzcyUyMiUzQSUyMkNlbnRybyUyMiUyQyUyMnJlZmVyZW5jZSUyMiUzQSUyMkNoSUp3UzJOa1NwYjA0VVJSUE5wVm9JX1p6VSUyMiUyQyUyMnJlZmVyZW5jZVR5cGUlMjIlM0ElMjJnb29nbGVfcGxhY2VzJTIyJTJDJTIybGF0aXR1ZGUlMjIlM0EyMC41OTMwNzclMkMlMjJsb25naXR1ZGUlMjIlM0EtMTAwLjM5MjQ3NSU3RA%3D%3D&q=pizza","California Pizza Kitchen (Galerias Queretaro)","https://www.ubereats.com/queretaro/food-delivery/california-pizza-kitchen-galerias-queretaro/Dgeft6NeRDKp8MNs-Kwoow","California Pizza Kitchen (Galerias Queretaro)","4.5","(85)"
"1616368179-205","https://www.ubereats.com/search?pl=JTdCJTIyYWRkcmVzcyUyMiUzQSUyMkNlbnRybyUyMiUyQyUyMnJlZmVyZW5jZSUyMiUzQSUyMkNoSUp3UzJOa1NwYjA0VVJSUE5wVm9JX1p6VSUyMiUyQyUyMnJlZmVyZW5jZVR5cGUlMjIlM0ElMjJnb29nbGVfcGxhY2VzJTIyJTJDJTIybGF0aXR1ZGUlMjIlM0EyMC41OTMwNzclMkMlMjJsb25naXR1ZGUlMjIlM0EtMTAwLjM5MjQ3NSU3RA%3D%3D&q=pizza","Pizza Pop","https://www.ubereats.com/queretaro/food-delivery/pizza-pop/1EX7QpzGTOqb5SZCMIZkGw","Pizza Pop","4.9","(18)"
"1616368090-195","https://www.ubereats.com/search?pl=JTdCJTIyYWRkcmVzcyUyMiUzQSUyMkNlbnRybyUyMiUyQyUyMnJlZmVyZW5jZSUyMiUzQSUyMkNoSUp3UzJOa1NwYjA0VVJSUE5wVm9JX1p6VSUyMiUyQyUyMnJlZmVyZW5jZVR5cGUlMjIlM0ElMjJnb29nbGVfcGxhY2VzJTIyJTJDJTIybGF0aXR1ZGUlMjIlM0EyMC41OTMwNzclMkMlMjJsb25naXR1ZGUlMjIlM0EtMTAwLjM5MjQ3NSU3RA%3D%3D&q=pizza","El Rincon del Jaguar","https://www.ubereats.com/queretaro/food-delivery/el-rincon-del-jaguar/BbOKxJcQTQWoYhTy9KbFaw","El Rincon del Jaguar","3.7","(31)"
"1616368215-209","https://www.ubereats.com/search?pl=JTdCJTIyYWRkcmVzcyUyMiUzQSUyMkNlbnRybyUyMiUyQyUyMnJlZmVyZW5jZSUyMiUzQSUyMkNoSUp3UzJOa1NwYjA0VVJSUE5wVm9JX1p6VSUyMiUyQyUyMnJlZmVyZW5jZVR5cGUlMjIlM0ElMjJnb29nbGVfcGxhY2VzJTIyJTJDJTIybGF0aXR1ZGUlMjIlM0EyMC41OTMwNzclMkMlMjJsb25naXR1ZGUlMjIlM0EtMTAwLjM5MjQ3NSU3RA%3D%3D&q=pizza","Dio Pizza","https://www.ubereats.com/queretaro/food-delivery/dio-pizza/s4Qxiy_gRN-MiUCMx36ATA","Dio Pizza","null","(28)"
"1616367963-181","https://www.ubereats.com/search?pl=JTdCJTIyYWRkcmVzcyUyMiUzQSUyMkNlbnRybyUyMiUyQyUyMnJlZmVyZW5jZSUyMiUzQSUyMkNoSUp3UzJOa1NwYjA0VVJSUE5wVm9JX1p6VSUyMiUyQyUyMnJlZmVyZW5jZVR5cGUlMjIlM0ElMjJnb29nbGVfcGxhY2VzJTIyJTJDJTIybGF0aXR1ZGUlMjIlM0EyMC41OTMwNzclMkMlMjJsb25naXR1ZGUlMjIlM0EtMTAwLjM5MjQ3NSU3RA%3D%3D&q=pizza","Tacos Pampas (Zaragoza)","https://www.ubereats.com/queretaro/food-delivery/tacos-pampas-zaragoza/XgKaTukwQzCUHOtYHKV4AQ","Tacos Pampas (Zaragoza)","4.5","(114)"
"1616368107-197","https://www.ubereats.com/search?pl=JTdCJTIyYWRkcmVzcyUyMiUzQSUyMkNlbnRybyUyMiUyQyUyMnJlZmVyZW5jZSUyMiUzQSUyMkNoSUp3UzJOa1NwYjA0VVJSUE5wVm9JX1p6VSUyMiUyQyUyMnJlZmVyZW5jZVR5cGUlMjIlM0ElMjJnb29nbGVfcGxhY2VzJTIyJTJDJTIybGF0aXR1ZGUlMjIlM0EyMC41OTMwNzclMkMlMjJsb25naXR1ZGUlMjIlM0EtMTAwLjM5MjQ3NSU3RA%3D%3D&q=pizza","Massa","https://www.ubereats.com/queretaro/food-delivery/massa/C_qHNcUSTC2i32INqjCK4Q","Massa","null","null"
"1616367844-168","https://www.ubereats.com/search?pl=JTdCJTIyYWRkcmVzcyUyMiUzQSUyMkNlbnRybyUyMiUyQyUyMnJlZmVyZW5jZSUyMiUzQSUyMkNoSUp3UzJOa1NwYjA0VVJSUE5wVm9JX1p6VSUyMiUyQyUyMnJlZmVyZW5jZVR5cGUlMjIlM0ElMjJnb29nbGVfcGxhY2VzJTIyJTJDJTIybGF0aXR1ZGUlMjIlM0EyMC41OTMwNzclMkMlMjJsb25naXR1ZGUlMjIlM0EtMTAwLjM5MjQ3NSU3RA%3D%3D&q=pizza","Coffee Tree Cinépolis 🛒 (La Victoria Latitud)","https://www.ubereats.com/queretaro/food-delivery/coffee-tree-cinepolis-la-victoria-latitud/_1XHWAFsQU-LIJTZP8qwUA","Coffee Tree Cinépolis 🛒 (La Victoria Latitud)","null","null"
"1616368252-213","https://www.ubereats.com/search?pl=JTdCJTIyYWRkcmVzcyUyMiUzQSUyMkNlbnRybyUyMiUyQyUyMnJlZmVyZW5jZSUyMiUzQSUyMkNoSUp3UzJOa1NwYjA0VVJSUE5wVm9JX1p6VSUyMiUyQyUyMnJlZmVyZW5jZVR5cGUlMjIlM0ElMjJnb29nbGVfcGxhY2VzJTIyJTJDJTIybGF0aXR1ZGUlMjIlM0EyMC41OTMwNzclMkMlMjJsb25naXR1ZGUlMjIlM0EtMTAwLjM5MjQ3NSU3RA%3D%3D&q=pizza","La Bocha","https://www.ubereats.com/queretaro/food-delivery/la-bocha/l7WmFXAFRGOlVzCIH8CWPg","La Bocha","4.7","(73)"
"1616368333-222","https://www.ubereats.com/search?pl=JTdCJTIyYWRkcmVzcyUyMiUzQSUyMkNlbnRybyUyMiUyQyUyMnJlZmVyZW5jZSUyMiUzQSUyMkNoSUp3UzJOa1NwYjA0VVJSUE5wVm9JX1p6VSUyMiUyQyUyMnJlZmVyZW5jZVR5cGUlMjIlM0ElMjJnb29nbGVfcGxhY2VzJTIyJTJDJTIybGF0aXR1ZGUlMjIlM0EyMC41OTMwNzclMkMlMjJsb25naXR1ZGUlMjIlM0EtMTAwLjM5MjQ3NSU3RA%3D%3D&q=pizza","Pizzas Dominio","https://www.ubereats.com/queretaro/food-delivery/pizzas-dominio/6bquD04XStqSXAiuTU8Tww","Pizzas Dominio","3.7","(37)"
"1616368261-214","https://www.ubereats.com/search?pl=JTdCJTIyYWRkcmVzcyUyMiUzQSUyMkNlbnRybyUyMiUyQyUyMnJlZmVyZW5jZSUyMiUzQSUyMkNoSUp3UzJOa1NwYjA0VVJSUE5wVm9JX1p6VSUyMiUyQyUyMnJlZmVyZW5jZVR5cGUlMjIlM0ElMjJnb29nbGVfcGxhY2VzJTIyJTJDJTIybGF0aXR1ZGUlMjIlM0EyMC41OTMwNzclMkMlMjJsb25naXR1ZGUlMjIlM0EtMTAwLjM5MjQ3NSU3RA%3D%3D&q=pizza","Ipanema Pizza Buffete","https://www.ubereats.com/queretaro/food-delivery/ipanema-pizza-buffete/SAbD_frYSneB1MxmUn47fg","Ipanema Pizza Buffete","4.4","(42)"
"1616367834-167","https://www.ubereats.com/search?pl=JTdCJTIyYWRkcmVzcyUyMiUzQSUyMkNlbnRybyUyMiUyQyUyMnJlZmVyZW5jZSUyMiUzQSUyMkNoSUp3UzJOa1NwYjA0VVJSUE5wVm9JX1p6VSUyMiUyQyUyMnJlZmVyZW5jZVR5cGUlMjIlM0ElMjJnb29nbGVfcGxhY2VzJTIyJTJDJTIybGF0aXR1ZGUlMjIlM0EyMC41OTMwNzclMkMlMjJsb25naXR1ZGUlMjIlM0EtMTAwLjM5MjQ3NSU3RA%3D%3D&q=pizza","El Globo Queretaro Jardines","https://www.ubereats.com/queretaro/food-delivery/el-globo-queretaro-jardines/MRKEqcr_TAy5Yfpgmz4v5w","El Globo Queretaro Jardines","4.8","(482)"
"1616368379-227","https://www.ubereats.com/search?pl=JTdCJTIyYWRkcmVzcyUyMiUzQSUyMkNlbnRybyUyMiUyQyUyMnJlZmVyZW5jZSUyMiUzQSUyMkNoSUp3UzJOa1NwYjA0VVJSUE5wVm9JX1p6VSUyMiUyQyUyMnJlZmVyZW5jZVR5cGUlMjIlM0ElMjJnb29nbGVfcGxhY2VzJTIyJTJDJTIybGF0aXR1ZGUlMjIlM0EyMC41OTMwNzclMkMlMjJsb25naXR1ZGUlMjIlM0EtMTAwLjM5MjQ3NSU3RA%3D%3D&q=pizza","Brutus Pizza","https://www.ubereats.com/queretaro/food-delivery/brutus-pizza/XCNLmCYdTdClcmFYUwCy_g","Brutus Pizza","4.7","(64)"
"1616367945-179","https://www.ubereats.com/search?pl=JTdCJTIyYWRkcmVzcyUyMiUzQSUyMkNlbnRybyUyMiUyQyUyMnJlZmVyZW5jZSUyMiUzQSUyMkNoSUp3UzJOa1NwYjA0VVJSUE5wVm9JX1p6VSUyMiUyQyUyMnJlZmVyZW5jZVR5cGUlMjIlM0ElMjJnb29nbGVfcGxhY2VzJTIyJTJDJTIybGF0aXR1ZGUlMjIlM0EyMC41OTMwNzclMkMlMjJsb25naXR1ZGUlMjIlM0EtMTAwLjM5MjQ3NSU3RA%3D%3D&q=pizza","Puerto Maria","https://www.ubereats.com/queretaro/food-delivery/puerto-maria/_uZpAKHiRQyQJkwmOfK9ww","Puerto Maria","4.4","(30)"
"1616368279-216","https://www.ubereats.com/search?pl=JTdCJTIyYWRkcmVzcyUyMiUzQSUyMkNlbnRybyUyMiUyQyUyMnJlZmVyZW5jZSUyMiUzQSUyMkNoSUp3UzJOa1NwYjA0VVJSUE5wVm9JX1p6VSUyMiUyQyUyMnJlZmVyZW5jZVR5cGUlMjIlM0ElMjJnb29nbGVfcGxhY2VzJTIyJTJDJTIybGF0aXR1ZGUlMjIlM0EyMC41OTMwNzclMkMlMjJsb25naXR1ZGUlMjIlM0EtMTAwLjM5MjQ3NSU3RA%3D%3D&q=pizza","TOSCANO PIZZA & ESPRESSOS","https://www.ubereats.com/queretaro/food-delivery/toscano-pizza-%26-espressos/RZstuCOyQSKjbtExE1WAlg","TOSCANO PIZZA & ESPRESSOS","4.1","(61)"
"1616368098-196","https://www.ubereats.com/search?pl=JTdCJTIyYWRkcmVzcyUyMiUzQSUyMkNlbnRybyUyMiUyQyUyMnJlZmVyZW5jZSUyMiUzQSUyMkNoSUp3UzJOa1NwYjA0VVJSUE5wVm9JX1p6VSUyMiUyQyUyMnJlZmVyZW5jZVR5cGUlMjIlM0ElMjJnb29nbGVfcGxhY2VzJTIyJTJDJTIybGF0aXR1ZGUlMjIlM0EyMC41OTMwNzclMkMlMjJsb25naXR1ZGUlMjIlM0EtMTAwLjM5MjQ3NSU3RA%3D%3D&q=pizza","Vintage Pizzería","https://www.ubereats.com/queretaro/food-delivery/vintage-pizzeria/8mUqtpbpRyWDCcFNkgRPbA","Vintage Pizzería","4.5","(23)"
"1616368143-201","https://www.ubereats.com/search?pl=JTdCJTIyYWRkcmVzcyUyMiUzQSUyMkNlbnRybyUyMiUyQyUyMnJlZmVyZW5jZSUyMiUzQSUyMkNoSUp3UzJOa1NwYjA0VVJSUE5wVm9JX1p6VSUyMiUyQyUyMnJlZmVyZW5jZVR5cGUlMjIlM0ElMjJnb29nbGVfcGxhY2VzJTIyJTJDJTIybGF0aXR1ZGUlMjIlM0EyMC41OTMwNzclMkMlMjJsb25naXR1ZGUlMjIlM0EtMTAwLjM5MjQ3NSU3RA%3D%3D&q=pizza","Raffaelos Pizzería","https://www.ubereats.com/queretaro/food-delivery/raffaelos-pizzeria/NQNxnUq3QvqysCmjLnx0LA","Raffaelos Pizzería","null","null"
"1616368442-234","https://www.ubereats.com/search?pl=JTdCJTIyYWRkcmVzcyUyMiUzQSUyMkNlbnRybyUyMiUyQyUyMnJlZmVyZW5jZSUyMiUzQSUyMkNoSUp3UzJOa1NwYjA0VVJSUE5wVm9JX1p6VSUyMiUyQyUyMnJlZmVyZW5jZVR5cGUlMjIlM0ElMjJnb29nbGVfcGxhY2VzJTIyJTJDJTIybGF0aXR1ZGUlMjIlM0EyMC41OTMwNzclMkMlMjJsb25naXR1ZGUlMjIlM0EtMTAwLjM5MjQ3NSU3RA%3D%3D&q=pizza","Cosi Fan Tutte","https://www.ubereats.com/queretaro/food-delivery/cosi-fan-tutte/-likHZvRRtKPgtmNf-Vnqw","Cosi Fan Tutte","4.6","(147)"
"1616368018-187","https://www.ubereats.com/search?pl=JTdCJTIyYWRkcmVzcyUyMiUzQSUyMkNlbnRybyUyMiUyQyUyMnJlZmVyZW5jZSUyMiUzQSUyMkNoSUp3UzJOa1NwYjA0VVJSUE5wVm9JX1p6VSUyMiUyQyUyMnJlZmVyZW5jZVR5cGUlMjIlM0ElMjJnb29nbGVfcGxhY2VzJTIyJTJDJTIybGF0aXR1ZGUlMjIlM0EyMC41OTMwNzclMkMlMjJsb25naXR1ZGUlMjIlM0EtMTAwLjM5MjQ3NSU3RA%3D%3D&q=pizza","Pizzas Dio ""Villas del Parque""","https://www.ubereats.com/queretaro/food-delivery/pizzas-dio-%22villas-del-parque%22/FXUUSxp8SmSOVfR59kdinA","Pizzas Dio ""Villas del Parque""","null","null"
"1616367891-173","https://www.ubereats.com/search?pl=JTdCJTIyYWRkcmVzcyUyMiUzQSUyMkNlbnRybyUyMiUyQyUyMnJlZmVyZW5jZSUyMiUzQSUyMkNoSUp3UzJOa1NwYjA0VVJSUE5wVm9JX1p6VSUyMiUyQyUyMnJlZmVyZW5jZVR5cGUlMjIlM0ElMjJnb29nbGVfcGxhY2VzJTIyJTJDJTIybGF0aXR1ZGUlMjIlM0EyMC41OTMwNzclMkMlMjJsb25naXR1ZGUlMjIlM0EtMTAwLjM5MjQ3NSU3RA%3D%3D&q=pizza","El Camarón Guasaveño (San Antonio)","https://www.ubereats.com/queretaro/food-delivery/el-camaron-guasaveno-san-antonio/pyS05YqPROuOoZ9JNqh9AA","El Camarón Guasaveño (San Antonio)","null","null"
"1616368478-238","https://www.ubereats.com/search?pl=JTdCJTIyYWRkcmVzcyUyMiUzQSUyMkNlbnRybyUyMiUyQyUyMnJlZmVyZW5jZSUyMiUzQSUyMkNoSUp3UzJOa1NwYjA0VVJSUE5wVm9JX1p6VSUyMiUyQyUyMnJlZmVyZW5jZVR5cGUlMjIlM0ElMjJnb29nbGVfcGxhY2VzJTIyJTJDJTIybGF0aXR1ZGUlMjIlM0EyMC41OTMwNzclMkMlMjJsb25naXR1ZGUlMjIlM0EtMTAwLjM5MjQ3NSU3RA%3D%3D&q=pizza","La piccola italia centro","https://www.ubereats.com/queretaro/food-delivery/la-piccola-italia-centro/oIskY05zT0OeM5zty5odsg","La piccola italia centro","4.5","(271)"
"1616367853-169","https://www.ubereats.com/search?pl=JTdCJTIyYWRkcmVzcyUyMiUzQSUyMkNlbnRybyUyMiUyQyUyMnJlZmVyZW5jZSUyMiUzQSUyMkNoSUp3UzJOa1NwYjA0VVJSUE5wVm9JX1p6VSUyMiUyQyUyMnJlZmVyZW5jZVR5cGUlMjIlM0ElMjJnb29nbGVfcGxhY2VzJTIyJTJDJTIybGF0aXR1ZGUlMjIlM0EyMC41OTMwNzclMkMlMjJsb25naXR1ZGUlMjIlM0EtMTAwLjM5MjQ3NSU3RA%3D%3D&q=pizza","Diktatur (Peralta)","https://www.ubereats.com/queretaro/food-delivery/diktatur-peralta/464Mm3tLTBO3N2OfFYcVMQ","Diktatur (Peralta)","null","null"
"1616367798-163","https://www.ubereats.com/search?pl=JTdCJTIyYWRkcmVzcyUyMiUzQSUyMkNlbnRybyUyMiUyQyUyMnJlZmVyZW5jZSUyMiUzQSUyMkNoSUp3UzJOa1NwYjA0VVJSUE5wVm9JX1p6VSUyMiUyQyUyMnJlZmVyZW5jZVR5cGUlMjIlM0ElMjJnb29nbGVfcGxhY2VzJTIyJTJDJTIybGF0aXR1ZGUlMjIlM0EyMC41OTMwNzclMkMlMjJsb25naXR1ZGUlMjIlM0EtMTAwLjM5MjQ3NSU3RA%3D%3D&q=pizza","Subway (Centro Histórico Qro)","https://www.ubereats.com/queretaro/food-delivery/subway-centro-historico-qro/FARL-Jp3TrKip3LzEi4Lng","Subway (Centro Histórico Qro)","4.5","(32)"
"1616368161-203","https://www.ubereats.com/search?pl=JTdCJTIyYWRkcmVzcyUyMiUzQSUyMkNlbnRybyUyMiUyQyUyMnJlZmVyZW5jZSUyMiUzQSUyMkNoSUp3UzJOa1NwYjA0VVJSUE5wVm9JX1p6VSUyMiUyQyUyMnJlZmVyZW5jZVR5cGUlMjIlM0ElMjJnb29nbGVfcGxhY2VzJTIyJTJDJTIybGF0aXR1ZGUlMjIlM0EyMC41OTMwNzclMkMlMjJsb25naXR1ZGUlMjIlM0EtMTAwLjM5MjQ3NSU3RA%3D%3D&q=pizza","Don Carbón","https://www.ubereats.com/queretaro/food-delivery/don-carbon/WEy0ntB2SYWNjwkTPBhnwg","Don Carbón","4.5","(321)"
"1616368415-231","https://www.ubereats.com/search?pl=JTdCJTIyYWRkcmVzcyUyMiUzQSUyMkNlbnRybyUyMiUyQyUyMnJlZmVyZW5jZSUyMiUzQSUyMkNoSUp3UzJOa1NwYjA0VVJSUE5wVm9JX1p6VSUyMiUyQyUyMnJlZmVyZW5jZVR5cGUlMjIlM0ElMjJnb29nbGVfcGxhY2VzJTIyJTJDJTIybGF0aXR1ZGUlMjIlM0EyMC41OTMwNzclMkMlMjJsb25naXR1ZGUlMjIlM0EtMTAwLjM5MjQ3NSU3RA%3D%3D&q=pizza","Di Vino","https://www.ubereats.com/queretaro/food-delivery/di-vino/3N_2O7cmQxav-mQLdPq7EA","Di Vino","4.5","(67)"
"1616368306-219","https://www.ubereats.com/search?pl=JTdCJTIyYWRkcmVzcyUyMiUzQSUyMkNlbnRybyUyMiUyQyUyMnJlZmVyZW5jZSUyMiUzQSUyMkNoSUp3UzJOa1NwYjA0VVJSUE5wVm9JX1p6VSUyMiUyQyUyMnJlZmVyZW5jZVR5cGUlMjIlM0ElMjJnb29nbGVfcGxhY2VzJTIyJTJDJTIybGF0aXR1ZGUlMjIlM0EyMC41OTMwNzclMkMlMjJsb25naXR1ZGUlMjIlM0EtMTAwLjM5MjQ3NSU3RA%3D%3D&q=pizza","Benedetti's Pizza Walmart Bernardo Quintana","https://www.ubereats.com/queretaro/food-delivery/benedettis-pizza-walmart-bernardo-quintana/PDq1b3eCRVi-gq6N541VPw","Benedetti's Pizza Walmart Bernardo Quintana","4.1","(29)"
